sentence1,sentence2,label
话说有时候我就有点难过,有时候我就有点难过,1
我居然敢撩你,你居然敢撩我,0
毛泽东字什么,顶个诸葛亮,0
陈情令好不好看,陈情令好看不好看,1
两分钟计时,倒计时五秒钟,0
在干嘛呢你,现在在干嘛呀,0
每一天都是爱你的一天,今天也是爱你的一天,1
一边玩去吧你,一边玩去吧,1
你会玩什么游戏,还有什么游戏,0
今天天气真不错呀,我今天气坏了,0
你咋那么能聊,你这么会聊的吗,1
更换屏幕国内相同资费,质保内手机屏幕更换价格,0
忙了一天我要睡了,我打瞌睡了,1
那你想干啥,那你想干什么,1
定个两点半闹钟,帮我调明天早上六点半的闹钟,0
猜猜今天我去哪里了,今天我去了哪里,1
那我考考你,那我考你一下,1
我在想你呢,我想你了,1
我数一下星星,只看见闪闪的星星蓝蓝的天会吗,0
你会讲什么方言,来几句方言听听,1
一定要爱你,我确定要爱你,1
你给我回去,让我回去,0
我不想用这两个应用,我不喜欢这两个应用,1
感冒不能吃什么,怀孕能吃黄豆吗,0
a5屏幕组件价格,a5的屏幕介绍,0
你这么会撩的,你这么会撩吗,1
我咋这么恶心了,我太恶心了,1
你咋那么不要脸呢,真不要脸啊你,1
当我男朋友啦,我当你男朋友行不行,0
A8屏多少钱,屏幕多少钱,0
你确定你是机器人,那你就是机器人,0
你怎么样不了解,不知道你怎么样,1
四十分米等于多少米,两千克等于多少斤,0
为什么人活着这么累,为什么要活着好累,1
你们都叫我大哥就行,叫我大哥,1
麻烦你了,我又麻烦你了,1
a72充电插口,A7n充电接口,0
我帮你充电,难道我不能帮你充电吗,1
breeno语音如何升级版本,Reno4se支持语音换新吗,0
谁是你的创始人,是谁创造的你,1
全是缺点你,你一点儿都不好,1
你真的不是我女朋友吗,你可不可以做我女朋友呀,0
怎么样才能把你呼唤出来,我该怎么呼唤你出来,1
等我回来,你等我回来吧,1
小布帮我查个快递,我要查快递,1
我让你夸夸我,你在夸我,1
你告诉我你是谁,你告诉我是的名字,0
Reno4的屏幕,Reno4屏幕价格,0
你老公贵庚,你老公今年多大,1
poopa73,OPPOA32,0
你有没有眼睛,你有眼睛是一定的事吧,0
想听歌你来唱一首吧,唱个歌来听一下,1
周星驰长得帅吗,周星驰是不是很帅,1
喝牛奶有什么好处,怀孕能吃通菜吗,0
我的世界啊,我的世界,1
还真的小红帽,今年收的红包也太少了吧,0
今天吃什么饭好呢,你记得吃啥饭吧,0
自拍全景的使用方法,手机全景拍照的使用方法,1
你是今天生日吗,射手座的生日,0
这么安静的,那你就安静把,0
再唱首歌,再唱首歌来听,1
你什么样,他也什么样呢,0
怎样被手机锁定,手机被偷怎样锁屏,0
重新登录QQ,打开第一个QQ,0
如果能这样就好了,如果这样唉,0
我们难道不能开始吗,我们开始吧,1
我不和你说了,我都不知道你说的什么,0
我听你的声音就觉得你是女生,听你声音好像是女的,1
你是不是很有钱,你有钱就没事,0
在京东上买的,泰国买的，能在中国升级吗,0
生而为人我们哥错了,生而为人我错了,0
我可不可以叫你老婆,我叫你老婆好不好,1
poopa73,OPPOA32,0
你能告诉我你有什么游戏吗,你有什么小游戏吗,1
你不会什么呀,要不然你也不会啊,0
讲个最好笑的笑话,你能讲一个笑话吗,1
谢谢你晚安,拜拜晚安啦谢谢了,0
你这个小欧,你是个笨蛋小欧,0
如果你累的话可以告诉我,累不累呀,1
如何录音,视频如何录音,0
你知道个屁,你放个屁,0
k7是否支持otg,k7支持otg,0
手机屏幕黑屏是什么原因,手机通话时黑屏,0
你有哥哥姐姐弟弟妹妹吗,你有兄弟姐妹吗,1
A1耳机接口,a1耳机接口介绍,0
你真的太好了，谢谢你,你辛苦了你辛苦了,0
我令你感到讨厌吗,你是不喜欢我吗,1
你不会忘记我叫什么了吧,你忘记我叫什么了吗,1
今天我们去唱歌,我们去唱歌吧,1
哇偶你们的阿姨就是机器人,哇偶你就是机器人,0
手机的安卓版本是多少,本手机的内存是多少？,0
是的现在跟我讲,现在跟我讲,1
喜欢谁呀,谁会被你喜欢啊,1
你有什么做不到的,这些事情你都能做的到,0
怎么办呀我的老婆不理我,老婆不理我,1
我怎么这么想砸了你呢,我想把你给砸了,1
你是谁的小心肝,你是不是我的小心肝,0
被你气的吐血了我真是,我是要被你气得吐血了,1
你能告诉我你有什么游戏吗,你有什么小游戏吗,1
他以为我跟你熟就不跟你翻脸,跟你不熟,0
reno4pro标配,reno4pro,0
又不理我了,又不理我是为什么,1
还有什么事吗,没事儿啊,0
OPPOReno十倍变焦版什么处理器,OPPO十倍变焦什么处理器,0
我忘记了隐私密码,隐私密码忘记了,1
你就一直想去吧,那你慢慢想吧,1
说出你的名字,嗯你叫啥,1
我们难道不能开始吗,我们开始吧,1
你都认识谁,你能说出你认识的人的名字吗,1
开机状态充电的时候会有什么提示,充电的时候为什么不显示百分比,0
我现在要不要睡觉,要不然我现在睡觉吧,1
进入电话本,查找电话号码,0
人人刷来访,怎么刷人人人气,0
我是很认真打麻将的,我要打麻将,0
我想看电视,我去看电视,1
大家都是可以试试的,可以试试,1
你不是说你很聪明吗,你聪明吗,1
我找到你啦,你可算让我找到了,1
四十分米等于多少米,两千克等于多少斤,0
我的小欧在哪里,小欧在哪里,1
你真的好厉害呀,你实在是厉害了,1
我是你兄弟,我是你的弟,0
啥都不会,啥都不会因为你,0
那你也睡吧,你也是要去睡觉的,1
王俊凯的girlfriend叫什么,王俊凯的女朋友叫什么名字,1
换手机了,想换手机了,0
蒲河有什么玩的,有玩的好的,0
今天是什么节日,今天可能什么节日,1
狗怎么叫,我问你会不会狗叫,0
难道你需要吗,你需要什么吗,0
你会去学校吗,你会上学吗,1
你这是干什么呀,你这是干啥呀,1
手机系统不更新怎么办,手机系统更新还原，怎么处理,0
账号密码多少,帐号密码多少,1
有未读信息,给老婆发短信,0
你换一个腔调,你能换一种声音吗,1
你怎么这么讨厌,可是我讨厌你,0
他说管不了,不给我管了,0
心情不好怎么办,我心情不高兴怎么办,1
桌面app的图标找不到怎么办,手机上的程序图标不见了，怎么办,0
确实没什么事,没啥事儿,1
换一个屏多少钱哈,换个原厂屏多少钱,0
面积公式是什么,BE动词有哪些,0
怎么和闺蜜说她男朋友出轨了,如何暗示被绿的闺蜜,1
你死了没有,你快死了没呀,1
我喝晕了,我酒喝太多了,1
我自拍真好看,漂亮的灯的照片,0
你休息吧,你早点休息吧,0
用人像模式自拍,打开前置摄像头拍人像,1
可乐鸡翅怎么做啊,荷包蛋怎么做,0
我叫你一声你可敢答应,我叫你一声敢答应吗,1
简单的就,简单概括一下你自己,0
QQ登录,你有QQ号吗,0
真的吗你真的喜欢我吗难道,真的吗你真的喜欢我吗,1
你根本什么也不知道,小影有什么不知道的,0
好了你再来,来个别的,0
迪迦奥特曼迪迦奥特曼,迪迦奥特曼,1
我家里没有人,你怕什么,0
mn是什么意思,ky是什么意思,0
手机充电没有铃声处理,我手机有没有充电提示音,0
话说有时候我就有点难过,有时候我就有点难过,1
我居然敢撩你,你居然敢撩我,0
毛泽东字什么,顶个诸葛亮,0
陈情令好不好看,陈情令好看不好看,1
两分钟计时,倒计时五秒钟,0
在干嘛呢你,现在在干嘛呀,0
每一天都是爱你的一天,今天也是爱你的一天,1
一边玩去吧你,一边玩去吧,1
你会玩什么游戏,还有什么游戏,0
今天天气真不错呀,我今天气坏了,0
你咋那么能聊,你这么会聊的吗,1
更换屏幕国内相同资费,质保内手机屏幕更换价格,0
忙了一天我要睡了,我打瞌睡了,1
那你想干啥,那你想干什么,1
定个两点半闹钟,帮我调明天早上六点半的闹钟,0
猜猜今天我去哪里了,今天我去了哪里,1
那我考考你,那我考你一下,1
我在想你呢,我想你了,1
我数一下星星,只看见闪闪的星星蓝蓝的天会吗,0
你会讲什么方言,来几句方言听听,1
一定要爱你,我确定要爱你,1
你给我回去,让我回去,0
我不想用这两个应用,我不喜欢这两个应用,1
感冒不能吃什么,怀孕能吃黄豆吗,0
a5屏幕组件价格,a5的屏幕介绍,0
你这么会撩的,你这么会撩吗,1
我咋这么恶心了,我太恶心了,1
你咋那么不要脸呢,真不要脸啊你,1
当我男朋友啦,我当你男朋友行不行,0
A8屏多少钱,屏幕多少钱,0
你确定你是机器人,那你就是机器人,0
你怎么样不了解,不知道你怎么样,1
四十分米等于多少米,两千克等于多少斤,0
为什么人活着这么累,为什么要活着好累,1
你们都叫我大哥就行,叫我大哥,1
麻烦你了,我又麻烦你了,1
a72充电插口,A7n充电接口,0
我帮你充电,难道我不能帮你充电吗,1
breeno语音如何升级版本,Reno4se支持语音换新吗,0
谁是你的创始人,是谁创造的你,1
全是缺点你,你一点儿都不好,1
你真的不是我女朋友吗,你可不可以做我女朋友呀,0
怎么样才能把你呼唤出来,我该怎么呼唤你出来,1
等我回来,你等我回来吧,1
小布帮我查个快递,我要查快递,1
我让你夸夸我,你在夸我,1
你告诉我你是谁,你告诉我是的名字,0
Reno4的屏幕,Reno4屏幕价格,0
你老公贵庚,你老公今年多大,1
poopa73,OPPOA32,0
你有没有眼睛,你有眼睛是一定的事吧,0
想听歌你来唱一首吧,唱个歌来听一下,1
周星驰长得帅吗,周星驰是不是很帅,1
喝牛奶有什么好处,怀孕能吃通菜吗,0
我的世界啊,我的世界,1
还真的小红帽,今年收的红包也太少了吧,0
今天吃什么饭好呢,你记得吃啥饭吧,0
自拍全景的使用方法,手机全景拍照的使用方法,1
你是今天生日吗,射手座的生日,0
这么安静的,那你就安静把,0
再唱首歌,再唱首歌来听,1
你什么样,他也什么样呢,0
怎样被手机锁定,手机被偷怎样锁屏,0
重新登录QQ,打开第一个QQ,0
如果能这样就好了,如果这样唉,0
我们难道不能开始吗,我们开始吧,1
我不和你说了,我都不知道你说的什么,0
我听你的声音就觉得你是女生,听你声音好像是女的,1
你是不是很有钱,你有钱就没事,0
在京东上买的,泰国买的，能在中国升级吗,0
生而为人我们哥错了,生而为人我错了,0
我可不可以叫你老婆,我叫你老婆好不好,1
poopa73,OPPOA32,0
你能告诉我你有什么游戏吗,你有什么小游戏吗,1
你不会什么呀,要不然你也不会啊,0
讲个最好笑的笑话,你能讲一个笑话吗,1
谢谢你晚安,拜拜晚安啦谢谢了,0
你这个小欧,你是个笨蛋小欧,0
如果你累的话可以告诉我,累不累呀,1
如何录音,视频如何录音,0
你知道个屁,你放个屁,0
k7是否支持otg,k7支持otg,0
手机屏幕黑屏是什么原因,手机通话时黑屏,0
你有哥哥姐姐弟弟妹妹吗,你有兄弟姐妹吗,1
A1耳机接口,a1耳机接口介绍,0
你真的太好了，谢谢你,你辛苦了你辛苦了,0
我令你感到讨厌吗,你是不喜欢我吗,1
你不会忘记我叫什么了吧,你忘记我叫什么了吗,1
今天我们去唱歌,我们去唱歌吧,1
哇偶你们的阿姨就是机器人,哇偶你就是机器人,0
手机的安卓版本是多少,本手机的内存是多少？,0
是的现在跟我讲,现在跟我讲,1
喜欢谁呀,谁会被你喜欢啊,1
你有什么做不到的,这些事情你都能做的到,0
怎么办呀我的老婆不理我,老婆不理我,1
我怎么这么想砸了你呢,我想把你给砸了,1
你是谁的小心肝,你是不是我的小心肝,0
被你气的吐血了我真是,我是要被你气得吐血了,1
你能告诉我你有什么游戏吗,你有什么小游戏吗,1
他以为我跟你熟就不跟你翻脸,跟你不熟,0
reno4pro标配,reno4pro,0
又不理我了,又不理我是为什么,1
还有什么事吗,没事儿啊,0
OPPOReno十倍变焦版什么处理器,OPPO十倍变焦什么处理器,0
我忘记了隐私密码,隐私密码忘记了,1
你就一直想去吧,那你慢慢想吧,1
说出你的名字,嗯你叫啥,1
我们难道不能开始吗,我们开始吧,1
你都认识谁,你能说出你认识的人的名字吗,1
开机状态充电的时候会有什么提示,充电的时候为什么不显示百分比,0
我现在要不要睡觉,要不然我现在睡觉吧,1
进入电话本,查找电话号码,0
人人刷来访,怎么刷人人人气,0
我是很认真打麻将的,我要打麻将,0
我想看电视,我去看电视,1
大家都是可以试试的,可以试试,1
你不是说你很聪明吗,你聪明吗,1
我找到你啦,你可算让我找到了,1
四十分米等于多少米,两千克等于多少斤,0
我的小欧在哪里,小欧在哪里,1
你真的好厉害呀,你实在是厉害了,1
我是你兄弟,我是你的弟,0
啥都不会,啥都不会因为你,0
那你也睡吧,你也是要去睡觉的,1
王俊凯的girlfriend叫什么,王俊凯的女朋友叫什么名字,1
换手机了,想换手机了,0
蒲河有什么玩的,有玩的好的,0
今天是什么节日,今天可能什么节日,1
狗怎么叫,我问你会不会狗叫,0
难道你需要吗,你需要什么吗,0
你会去学校吗,你会上学吗,1
你这是干什么呀,你这是干啥呀,1
手机系统不更新怎么办,手机系统更新还原，怎么处理,0
账号密码多少,帐号密码多少,1
有未读信息,给老婆发短信,0
你换一个腔调,你能换一种声音吗,1
你怎么这么讨厌,可是我讨厌你,0
他说管不了,不给我管了,0
心情不好怎么办,我心情不高兴怎么办,1
桌面app的图标找不到怎么办,手机上的程序图标不见了，怎么办,0
确实没什么事,没啥事儿,1
换一个屏多少钱哈,换个原厂屏多少钱,0
面积公式是什么,BE动词有哪些,0
怎么和闺蜜说她男朋友出轨了,如何暗示被绿的闺蜜,1
你死了没有,你快死了没呀,1
我喝晕了,我酒喝太多了,1
我自拍真好看,漂亮的灯的照片,0
你休息吧,你早点休息吧,0
用人像模式自拍,打开前置摄像头拍人像,1
可乐鸡翅怎么做啊,荷包蛋怎么做,0
我叫你一声你可敢答应,我叫你一声敢答应吗,1
简单的就,简单概括一下你自己,0
QQ登录,你有QQ号吗,0
真的吗你真的喜欢我吗难道,真的吗你真的喜欢我吗,1
你根本什么也不知道,小影有什么不知道的,0
好了你再来,来个别的,0
迪迦奥特曼迪迦奥特曼,迪迦奥特曼,1
我家里没有人,你怕什么,0
mn是什么意思,ky是什么意思,0
手机充电没有铃声处理,我手机有没有充电提示音,0
喊我老公,以后就叫我老公,1
为什么我的软件商店没有照片,为什么拍照没有记录地点,0
激活手机锁死,手机激活锁,0
开启放屁声,羊叫的声音,0
我厉害不厉害,我牛逼不牛逼,1
没希望了,难道还有希望吗,0
你会聊天吗,你会尬聊吗,0
做我爸爸,我说叫爸爸,0
什么时候可以去进食,你几点吃饭,0
我想听你放个屁,快来放个屁我想听听,0
给我唱首歌吧,放首歌给我们听听,0
聊什么你想和我,你想和我聊些什么,1
findpahm,safaridon8@gmail.com,0
王者荣耀推荐用什么英雄,王者荣耀有多少个英雄人物,0
OPPO的CEO是谁,想你的老板是谁,0
他会给我留红包吗,你可以发红包给我吗,0
通话时黑屏黑屏,手机通话时黑屏,1
我想不到你还能做得到什么,那你做得到什么呢,1
请求换一个语音助手,能不能换一个语音助手？,1
六十平方千米等于多少公顷,一吨等于多少千克,0
欧珀服务网点怎么查询,OPPO的服务点有哪些,0
我觉得咱们,我觉得我们,1
一加是一家什么公司？,Oneplus有没有,0
起点中文网,打开苹果官网,0
放遥远的你,聊一聊遥远的你,0
用语音来回答我你可以吗,你可以用语音回答我吗,1
你抱抱我,给我你的怀抱,1
我支持你加油,加油我会支持你的,1
你必须加油,你必须得加油,1
手机导航键找不到怎么办出来,手机导航键怎么调出来,1
回去睡觉吧你,那你回去睡觉吧,1
放假了吗,还没放假吗,1
我刚要受伤,我已经受伤了,0
saysorry,iamsorry,0
天空是什么颜色的,你长得是什么颜色的,0
还不明白吗,不明白吗,1
我的房子,我的房子你来买吧,0
你觉得我很帅,我好帅哟,0
再讲个笑话,来个搞笑段子,1
王者荣耀的英雄分别是谁,王者荣耀现在有几位英雄,1
我爱吃苹果,我想吃苹果,0
在说话我就生气了,我想生气,0
你的功能不多啊,你的功能好少啊,1
你怎么这么会撩人呢,我说你怎么这么会撩人,1
你买过可乐吗,买可乐是什么梗,0
你理解能力太差了,和你说话真累,0
小布我累了怎么办,我急啊，怎么办,0
我今天考了一百分,我考了满分今天,0
我这个手机值多少钱,我的这款手机多少钱啊,1
2.5D弧度屏的介绍,2.5d弧度屏的,0
不少good,你知道的还不少,0
吓得闭上了眼睛,吓得真的闭上了眼睛,1
下面三个按钮，哪一个是菜单键,下面那三个按钮,0
手机联系人恢复,手机重复联系人,0
在王者荣耀里面最强的人是谁,王者荣耀中哪个中路英雄,0
查看未读信息,读短信吗,0
心情难受了该怎么办,我心情很郁闷该怎么办,0
你是邪魔吗,你是恶魔吗,1
手机失灵了屏幕,手机屏幕失灵,0
还好你提醒了我,明天提醒我,0
你有认识的人吗,你认识谁啊,1
我真的一点都不困,她们的妹妹真的一点都不困,0
你叫啥呀,你没名字吗,1
我热死了,我热死了怎么办,1
稍微等一下哦,等一下哦,1
我更生气了,是什么让我更愤怒了,0
你今天开心吗,今天很开心吗,1
我说我想和你谈恋爱,和我谈恋爱好吗,1
再给我讲一个冷笑话,我想要听笑话,0
你自己关机吧,你关机可以吗,1
你爸叫什么名字,你爸爸叫什么,1
我可不可以骂你,我刚才骂了你,0
其实也没什么,其实这都没啥,1
a7的屏幕,A7X屏幕,0
屏幕也滑不动,屏幕滑不东,0
单声道音频的设置方法,录屏声音设置的方法,0
脚心图片,安琪拉的照片,0
我们玩猜谜语,我给你猜个谜语,1
我爸叫什么,我的妈妈叫什么,0
珍珠奶茶闷米饭,珍珠奶茶闷米饭怎么做,0
把软件商店打开,打开平安金管家,0
你留的什么发型,你现在的发型是什么样子,1
你想干什么呀,你在干嘛呀,0
我爱工作,工作使我发财,0
那我就叫你小宝贝吧,好了我就叫你小宝贝了,1
blicca智能摄像头云服务的,VPN服务器域名,0
你最爱哪个节日,你喜欢的节日,0
那我就是你的女朋友了,我就是你爸爸,0
那就开始吧,那就要准备开始啦,1
为什么不能给你们的姨妈打电话,为什么不能给你打电话,0
返回QQ界面,返回界面,0
查询物流信息,请帮我打开信息,0
李娜是谁,王者荣耀蒙恬,0
他能给我相信你,我很相信你的,0
findx2和findx2pro防水级别的差异,findx2Pro防水等级,0
小姑凉都是,小姑小姑我,0
我不请你吃饭,在怎么样我也不会请你吃饭的,1
你文凭是啥,你什么学历,1
下载粉末游戏,进入和平精英,0
青海在哪里,中国有多远,0
再打一次,把大象放进冰箱里需要几步,0
怀孕能吃黄蘑吗,怀孕能吃旱芹吗,0
我回来了,我往回来了,1
你怎么这么讨厌,你怎么这么丑呢,0
怎么哄我爸妈,你爸爸,0
你平常喜欢干什么,你没事喜欢干啥,1
你是挺没用的,你真的很没用,1
放一首你能做的朋友,你都能做啥啊,0
我心里想什么你知道吗,我心里好想你,0
我要看央视直播,直播吗,0
q1电量低于几个时候提示,正常情况下A11多久能充满,0
还有两步路,我马上就到了,0
你的故事,你故意的吧,0
OPPO最新款手机多少钱,OPPO贵吗,0
你糊涂了吗,你脑子瓦特了吗,1
再说一次,再说一遍可以吗,1
你觉得你会刷牙吗,你会刷牙吗,1
你还有别的名字吗,别的名字有吗,1
一起来洗澡,我们一起洗澡,1
我在家里宅着呢,我现在在家,1
OPPOReno3解锁,reno3pro智能解锁功能,0
正在直播,打开府衙直播,0
我今天很开心你开心吗,今天你是否如我一样快乐,1
你太笨了,你怎么这么笨,1
你的心里有没有我的位置,我怎么跑到你心里,0
发微信给闺蜜,你有闺蜜吗,0
你是小精灵吗,你是不是那个精灵啊,1
西方用英语怎么说,面条英语,0
怎么取手机卡,手机怎么装卡,0
我不想工作了,我真不想去工作,1
你可以换个声音说话吗,你会不会换个声音说话,1
我发现我现在已经无法离开你了,我发现我现在的房子,0
手机摇晃有声音,手机摇晃有响动,1
什么东西,啊什么东西,1
怎么查手表真伪,如何查询手表真伪,0
黑龙江客服电话,国家集合客服电话,0
我多希望你能再聪明一点,我说你什么时候才能变得更智能一些,1
你咋那么不要脸呢,你也太不要脸了,1
你啥时候去上学啊,你知道什么时候开学吗,0
现在天气,现在天气现在天气,1
我不知道怎么说的呢,我自己都不知道在说什么,0
美好心情你有吗,美好心情我妈有吗,0
没什么可说的,没啥可说的,1
帮我叫个外卖,外卖到了,0
是谁创造的你,你是谁创造的,1
来给我讲个故事,给我讲个童话故事,0
我都结婚了,我已经成亲了,1
是我要嫁给王一博,我想看胡歌,0
请问你唉什么啊,你唉什么呀,1
你要问啥,你要问一些关于什么的,1
你的爷爷是谁,你可以告诉我你爷爷是谁,1
我说一句你说一句,我说一句之后你再说一句,1
你有几个老公,你的丈夫第几任了,1
你的太慢了,他妹妹的太慢了,0
再也不想跟你讲话了滚,再也不想跟你讲了,1
好在试试吧,那你试试,0
换屏幕后坏屏幕怎么办,换屏唤醒屏幕,0
我困了可以睡觉吗,困了我要打瞌睡吗,1
我比你高,你比我身高要低,1
我不记得你,我不记得你了,1
说什么听不懂,怎么就听不懂你说了什么呢,1
ky是什么意思,ky到底是什么,1
这就没意思了,有一个太没意思了,0
我也是属于你的,这个属于你的,0
你重复我说的话,就是你说的这话,0
哎呀你吗,我不明白这和你有啥关系,0
下了一秒钟,一秒钟落泪,0
我的老婆就是你,你就是我女朋友,0
一直在吗,你一直在吗,0
王一博他几岁了,王一博现在几岁了,1
这首歌很安静,来首安静的音乐,0
如何查看相册隐藏的照片,怎么查看手机隐藏的照片,1
亲你好了吗,你要我被你亲吗,0
你会不会饿呀,那你不会饿吗,1
如何设置触摸提示音,怎么设置触摸提示音？,1
我现在笑不起来,想不起来那个,0
2016年上映的电影有哪些,最近有哪些电影上映,0
今天的天气真好啊,威海今天的天气,0
可以泡你吗,我真的很想泡你呢,1
reno4pro屏破多么大,OPPOReno4屏幕多少钱,0
真是太巧了我也在想你,好巧我也在想你,1
我想骂人怎么办,怎么办我想骂人,1
更换短信铃声不知道范围,切换降噪模式会不会语音提示,0
我如何称呼你,我怎么叫你,1
帮我念一下短信,我要发短信,0
能不能快点试试啊,快试试吧,1
你知道吗,你知道卢本伟吗,0
谁是你的创造者,你是谁研究出来的,1
你有朋友不,你有朋友吗,1
我是不是你最好的朋友,我想你最好的朋友是我吧,1
难道你觉得,难道你什么都知道吗,0
我知不知道你的真名字叫什么,你知不知道我的真名字叫什么,0
不好吃啊,这也不好吃啊,1
此时你对我不需要,此时我对你不需要,0
我骂你是神经病,神经病骂一声,0
你有什么技能啊,你都会干嘛,1
说一个脑子急转弯,小布给我出一个脑筋急转弯,1
把中国地名客户服务中心电话单个,湖州售后电话,0
我们不合适,怎么又不合适,0
好听好听,给我听听呗,0
我也不清楚,我没搞清楚,1
如何查看SD卡的内容,内容复制达到sim卡,0
你觉得沙漠骆驼好不好听,我听沙漠骆驼,0
咱们玩脑筋急转弯吧,给我一个脑筋急转弯,1
我真不会生气,我不会生气,1
"有,更爱你。",爱真的有,0
什么信息啊,信息的,0
我朋友是谁,我闺蜜是谁,0
你有多少钱啊,看一下我支付宝里面还有多少钱,0
如果没有遇见你,如果他没有遇见你他将会更好,0
那我不给你充电呢,如果我不给你充电你能怎么着呢,1
不想减肥了,不要减肥了我,1
把快手打开,在快手,1
那我是你的朋友吗,你能当我是你的朋友吗,0
我想听歌懂你,你晓得什么音乐,0
你怎么组词怎么组词,你怎么组词,1
OPPO手机如何打开便捷模式,oppo的手机有越南字模式的吗,0
我没有主意了,我不知道怎么办,1
你能不能说日语,你可以说日语吗,1
你生日是哪天,你过生日的时候是哪一天,1
Reno3的充电器规格,reno充电器规格,0
谁在女朋友心里住过,谁在你心里住过,0
你今年几岁呀,你能不能告诉我你多大了,1
你是不是知道我喜欢你呢,我是不是知道你喜欢我呢,0
悟空你好呀,你好孙悟空,1
我手机软件不能关机,手机无法下载软件,0
快点充电,为什么不快点充啊,0
a92s机型红包助手功能,A92s带红外功能么,0
我就不跟他聊,"先不跟你聊了,我起床了",0
番茄炒蛋怎么做,炒面怎么做,0
我们的关系是什么,这什么关系,0
手机陀螺仪是否可以关闭,手机怎么关掉陀螺仪,0
请你唱个歌吧,唱个歌吧,1
能不能借我一点钱呢,可以借我点钱吗,1
我看见他了呢,给他看见,0
可以把祝福送给我吗,祝福我吧,1
你不走我走,你不要离开我,0
我给你唱首歌好吗,我给你唱一个歌吧,0
怎么查看每天使用应用的时间,电视小天才应用怎么用,0
我需要点纸,帮我拿点纸,1
一刻等于多少毫克,十千克等于多少克,0
你知道我的儿子怎么称呼吗,你知道我的儿子叫什么名字吗,1
王者荣耀里什么人物最厉害,王者荣耀最强的战士是谁,0
三字经全文,白鹭是一首精巧的诗,0
就是因为你的身体,你的身体呢?,0
是啥日子今天,是什么节日,1
那你可不可以陪我聊会儿天?,好啊你陪我聊会儿天呗,0
我喜欢你温柔的性格,你很温柔,0
我觉得你一定会努力,你觉得我一定会努力,0
升级一下,你能不能升级,0
是谁我弟是,是谁你是,0
你喜欢谁,你现在有喜欢的人吗,0
来电视频,给我打开电视机,0
五二零没人陪我怎么办,没人陪我玩,0
我不是已经和你说过了吗,我不是告诉过你吗,1
那你不爱我吗,你难道不爱我吗,1
我先吃饭,我老妈让我先吃饭,0
我爱我女朋友吗,我到底爱不爱我女朋友,1
我的电话号码,你有电话号码吗,0
我们来玩成语成语接龙吧,我们玩成语接龙吧,1
一块钱等于多少日元,美元和人民币汇率,0
你是我的创造物,我就是创造你的人,1
那你穿来我看看,能不能来看看我,0
大家都开心,我好开心!,0
你到底喜欢啥狗吗,你知道啥叫狗吗,0
我现在得睡觉了,我要睡觉了哦,1
你的老板是,P图的老板,0
下雨的英语怎么说,漂亮的用英语怎么说,0
我去找你,我一直在找你,0
你给我死一边去,你给我死去,1
这首歌真好听,放一首好听的歌,0
我为何这么喜欢他,我好喜欢他,1
我心里没有你,我心里就是没有你,1
你怎么这么傻啊,你真傻呀,1
我耳机配置很好,我耳机配置非常好,1
小孩为什么会掉牙？,为什么双击屏幕会变大怎么关掉,0
说你笨真没冤枉你,所以说你笨,1
双色球最新开奖,双色球开多少号,1
那有什么可以帮到你呢,你可以帮我做什么呢,0
小布你知道怎么唱歌吗,小布你会唱歌吗,1
当之无愧的意思,足智多谋,0
我不要小影讲个笑话,我不会讲笑话你给我讲个笑话吧,0
用百什百什么写成语,取个什么江湖化名好,0
那你就开始叫我吧,那你教我吧,0
给我唱一首,给我唱一首生僻字,0
你能被我扔掉吗,我可以把你扔掉吗,1
难道捉迷藏你不会玩,你会不会玩捉迷藏,1
什么原因使我不会放弃,我不会放弃,0
有没有神经病,你才神经病,0
告诉我说英语,说英语啦,0
小刺猬喜欢吃什么东西呢,刺猬喜欢吃什么,1
每一天都是每一天的无聊,每天都是空荡荡的,1
自我介绍下,做一下自我介绍吧,1
那还有什么呢,那么到底还有啥啊,1
我现在好饿,我好饿哦,1
我寂寞了怎么办,我现在很寂寞怎么办,1
真的不喜欢你,我真的没有那么喜欢你,1
给我来首音乐安慰一下我,再给我来一首歌,0
怎么还不开始讲,怎么还不开始,1
你也会发图片,发大图片,0
我非常生气现在,我现在非常的生气,1
看一下我的支付宝里面还有多少钱,你有多少钱啊,0
真的好无聊,真的好没意思,1
我要去吃饭了小欧,我去吃饭了哦,1
手机升级后怎么回到旧版本,新版本返回键在哪,0
小布想听歌,帮我放首歌听,0
你爸妈会是什么样,你爸妈长什么样,1
我问你你知不知道我长得帅,我问你我长得帅吗,1
我想换个三星手机,我想换手机,0
你是笨猪,你竟然是猪吗,0
没有什么帮助,帮不上什么忙,1
说的漂亮,说媳妇漂亮说中文,0
没错你说的对,对你说的没错,1
我说我要回家,马上离开这里我想说,0
反正我就是个渣女,我是渣女,1
你到底懂不懂,你什么都不懂,0
别把疼你的人弄丢了,不要把爱你的人弄丢了,1
你会不会学猫叫,你能不能学个猫叫,1
10000克等于多少吨,一点四平方米等于多少平方分米,0
买一个那个,我想买口红,0
你不爱我了吗,你不给我了吗,0
可不可以把应用的图标更换,可以更换应用图标吗,1
你做我老婆好不好,你想不想做我老婆,0
我姐姐美不美,我姐姐是不是最好看,1
怎么分屏呀,为什么打游戏,0
怎么听不见你唱歌了,怎么不唱歌了,1
因为你不是人,不是人因为你,1
你看我想你了亲爱的,你看我想你了,1
他哥哥有没有遗憾,你有没有遗憾,0
夜晚拍照手机画面其他颜色,手机晚上拍照有眩光,0
请你帮我,请你帮我清清一下垃圾,0
她们的叔叔还有什么经验,你还有什么经验,0
系统升级卡顿,升级系统后卡顿,1
我说你真的那么忙吗,我说你忙,1
OPPO手环关闭夜间模式,OPPO手环设置夜间模式,0
那你听话吗,那你告诉我你听话吗,1
不要扯开话题,不要说些没用的话题,1
我的女儿可爱吗,你是我的女儿你知道吗,0
香蕉和柿子能一起吃吗,柿子不可以和什么一起吃,0
可爱的女孩是什么样呀？,什么样的女孩才算傻的可爱的,0
我说我叫什么名字,你说我的名字到底叫什么啊,1
帮我发个视频给熊大,给我发一段视频,0
我现在不是很开心,今天我很伤心,1
你太强大了真棒,你很强大,1
帮我打开微微信,帮我打开微信给张勇发个红包,0
有没有太阳,你是不是太阳,0
我还记得你,我还记得,0
我是不是你最疼爱的人,你对我最好了,0
晚餐时间是什么时候呢,时间是一,0
那你说什么呢,说得什么好的呢,0
手机有充电提示音吗？,手机充电怎么没有提示音了,0
你比我可爱,我觉得你是最可爱的,0
oppofindx处理器,findx2pro处理器,0
你搞什么,你才搞死了,0
因为想你睡不好觉,能不能不爱了因为爱太痛了,0
什么时候下雨啊,今天下雨了,0
语音助手不发声了,语音助手没有声音,1
你叫什么呀,你叫什么啊你洗澡了吗,0
小说好看吗,小说鬼片,0
我给你改个名字怎么样,你说我给你改个名字怎么样,1
亲爱的,亲爱的亲爱的,1
手表设置闹钟,手环设置闹钟,0
我要玩画画游戏,你玩哪些游戏,0
我想听你唱首歌,唱首歌吧我想听,1
你干嘛去了,喂喂你在干嘛,1
我不会说话,我是不会听话的,0
好看的小说,我觉得小说很好看,0
玩亚索你会吗,你会玩亚索吗,1
你还能干什么,你会点啥,1
没事就是想和你说说话,我们来说说话吧,1
没有上班,难到没上班吗,1
是不是有事发生了,发生了什么事,1
今天要玩的开心啊,今天要开心哟,1
今天穿什么衣服好看,我今天穿什么比较好,0
你在撩我,你为什么要撩我,0
你长啥样啊,你是什么样子的,1
现在多少岁,哪有时间啊,0
这个手机有隐藏功能吗,这个手机有隐藏应用的功能吗,1
你咋那么笨,那么笨呢咋,0
等我回来,等我回来难道不好吗,0
你自己玩吧,你自己玩行吗,1
我看不到你你在哪里呢,你在哪里我怎么没看到你呀,1
大乐透开什么号码,大乐透的开奖结果,1
你能解答什么问题,你说什么问题,0
问你有没有对象,说说你对象吧,0
我不喜欢你,嗯我不喜欢你,1
我也不知道你想说那个你说我有钱,我不懂你在说什么,0
你喜欢我是不是,你是不是喜欢我,1
我打算不要你了,我想要不要你了,1
叫我起床,一分钟以后叫我起床,0
你找个话题吧,你喜欢的话题来一个,1
快告诉我,拜托你就告诉我吧,1
好笑的笑话,别的笑话,0
你的家长是谁,你有爸爸妈妈吗,1
唱歌你会吗,哦你会唱歌吗,1
屏幕一下就不清楚,屏幕看不清了出现很多线框,0
吹死你个老不死的,你老不死了还孩子,0
我想要王俊凯所有资料,我要王俊凯的资料,1
我手机卡2的来电铃声怎么设置呀,a72电信卡怎么设置APn,0
我说我讨厌你,简直讨厌死你了,1
R5的电话,中国移动的电话号码是多少,0
你看见我吗,你现在可以看见我吗,1
原谅你了,怎么可能不原来你,0
你觉得你有用吗,你是不是个有用的人,1
你舍得我吗,你舍得我是吗,1
陪我唠嗑,我想跟你说说话,1
我的qq密码是多少,我的密码是多少,0
安装身份验证密码忘记,忘记验证码,0
你一个月的薪酬是多少,你的电话号码是多少,0
能不能什么上来,能不能说点什么呢,0
是否可以安全的啊,是否安全,1
手机收到微信没声音,手机收到信息没有声音的处理方法,0
我不在吗,我现在不在,0
你知道我多大了吗,那你知道我多少岁吗,1
一点八厘米等于多少毫米,97天是几个月,0
我觉得你好像没有智能,我感觉你不智能,1
坐公交车去逛街,怎么坐公交车去世界之窗,0
我竟然又出来了,我又出来了,0
find5新版变更内容,K7如何快速将5G切换成4G,0
你每天都在干嘛,快告诉我你天天都在干嘛,1
别生气啊,你别生气了,1
你是个笑话,来一个笑话,0
哦我也不知道,不知道我,0
我该像大人还是像小孩,你们姨妈该像大人还是像小孩,0
好吧我被你打败了,讲真的我被你打败了,1
你可以跟我说一声晚安吗,对我说声晚安吧,1
你处对象了吗,你有交往的人了吗,1
你可以让我帮你取一个名字吗,我能给你取一个名字吗,1
普通工作压力大很多,工作压力太大了,1
你记住啥了,你都记住什么了,1
等我多久啦,你被用了多长时间来等我,1
跟你聊天一点意思都没有,不想再跟你聊天了,1
明天会冷吗,今天温度多高,0
你不要亲我,我才不让你亲呢,1
几点啊,几点到几点啊,0
就给我看海底的电影,给我找部电影看一下,0
没有在充电吗,你在充电吗,1
柚子的英语怎么说,香蕉英文怎么说,0
怀孕能吃蒜黄吗,怀孕能吃香米吗,0
现在讲一个好不,那你现在给我讲一个呗,1
你住哪儿,你到哪儿去了,0
杭州有什么好玩的地方,好玩的地方在哪里,0
我好伤心,今天我好伤心呀,1
想干啥就干啥,你猜我在干啥,0
软件集合权限路径打开,如何打开网易云的云浮窗权限,0
微信打开夜间模式,微信铃声,0
你猜猜我喜欢谁,你觉得我喜欢谁,1
祝你生日快乐,也祝你儿童节快乐,0
你这个忙,你很忙吗?,0
给我放一首最好听的歌,放一首社会摇,0
帮我打电话给10086,帮我给女朋友打电话,0
网络密码是多少,信发网络密码是多少？,0
我是瞎说吗这是大实话,我只是瞎说的,0
我想和你接吻,你能和我接吻吗,1
你是不是很聪明,你是不是很聪明呀,1
唱歌我爱你,我要唱歌,0
你又要到哪里去呀,还知道要去哪里,0
你一直想和我聊聊天,我一直想和你聊聊天,0
开什么玩笑,你别开玩笑了行不行,1
黄瓜怎么吃,黄瓜怎么做好吃,1
我不需要,我需要你给我买套房,0
播放一下排列五出奖号码,3D开奖号码,0
我不爱玩,不玩了我生气了,0
k3是否支持指纹解锁,a32指纹解锁在吗,0
进液保的使用方法,如何使用进液保,1
怎么不说话了,在说话不很复杂,0
一四三三二二三是什么英雄,你是英雄,0
您在干嘛,怎么很忙吗,0
打扰我睡觉你真的不想活,打扰我睡觉你要死啊,1
手机能不能无线充电,我的手机能不能无线充电,1
名字的英语,喜欢你用英文怎么说,0
你喜欢听吗,你喜欢听一生有你吗,0
你很棒棒哦,我对你的评价是很棒,1
煲仔饭,黄焖鸡的做法,0
你怎么不睡觉啊,你可不可以去睡觉,1
这个可以用吗,可以用吗,1
螃蟹和柿子能一起吃吗,怀孕能吃芥蓝吗,0
小欧你推出,你让我叫你小欧,0
小兵是不是在线啊,小兵在吗,1
Reno3pro息屏电池耗电快,Reno3Pro亮屏使用耗电快,0
能这样吗,可以这样的吗,1
你眼睛是瞎了,你是不是瞎,0
手机的mac地址在哪里查看,这么说吧，怎么查手机MAC地址,1
那怎么弄呢,怎么弄才是对的,1
你傻不傻,没有傻不傻不,0
你不喜欢我了,你喜欢我吗,0
哦这样记得,你的好我记得了,0
咱们两个谁更让人喜欢啊,是你可爱还是我可爱,1
随便他们的姨妈问什么东西,随便你问什么东西,0
我说王俊凯帅不帅,王俊凯帅不帅,1
播报一下早间新闻,给我播报欢太公司新闻,0
你又睡着了,你怎么又睡着了啊,1
我的心愿单,心愿单,0
有事也不告诉你,我有事不在,0
你的土味情话是被谁教的,你的土味情话是跟谁学的,1
说出来吧,有什么说出来,1
我从哪里来的,我是哪里的人,0
为啥就是不理解我呀,你不理解我,1
打开QQ一下,我要上QQ,1
芙蓉王多少钱一包,你多少钱一个,0
我想有一个姐姐,是想姐姐,0
你叫啥名儿,你就告诉我你的名字吧,1
我要睡觉,再见我要睡觉了,1
请给我放首歌,你给我唱一首歌呗,0
如何把手机西山西面那个声音给关,音量大小开关在哪里,0
男人没一个好东西,悄悄告诉你男人没一个好东西,1
你有什么呢,你都能干什么呀,0
我是不是最美的,你觉得我美吗,0
你会聊什么啊,你能唠什么啊,1
那你就别说了,那你别说,1
打开手机录像,手机把摄像头打开,1
我要你说对不起,对不起我,0
苹果手机好不好,苹果手机什么系统,0
我换一种说法好吗,这什么说法换个说法吗,0
我在等着你,没错我在等着你,1
这台手机是oPop几,这部手机是oppo几,0
为什么要等我找你聊天,等我主动找你聊天就迟了,1
换一个充电提示音,R9充电提示,0
你就是韩寒,你是个韩寒,0
怎么就不记得多大了呢,我多少岁,0
你可以有自己的思维吗,你有自己的思维吗,1
也是你的,其实我也是你的,0
一百减75,R11乘以十五,0
凌晨四点要起床,今天我四点就起床了,0
还能不原谅你啊,原谅你了,1
你为何如此优秀,你怎么这么棒呢,1
其实我的女朋友生气了,我女朋友生气了,1
错了你要提醒我哦,对不对嗯,0
西安限行尾号,今天天津限号,0
你就在这里别了,你怎么还在这里,0
说句晚安,说一句晚安,1
我现在心情有点烦躁我该怎么办,心情莫名烦躁怎么办,0
洗把澡好舒服啊,好了我洗,0
你能帮我做点什么,那你能帮我做什么了,1
Reno是什么意思？,Reno你好吗,0
换个内外屏多少钱,更换外屏多少钱,0
安卓10可以降级,能降级吗,0
为什么要说,为什么要唱歌,0
r17cpu多少钱,R17屏多少钱？,0
你才是最棒的,你就是最棒的,1
在一起不,喜欢你又不能在一起,0
那不是我,你确定那不是我,0
我想哭了,我好想哭呀,1
不为难我的吗,"那好吧,我不为难你了",0
脱掉衣服,脱掉衣服的原因是什么,0
你不要打字,不要打字,1
你可以告诉我你是哪个吗,你好你是哪个,1
男朋友生气怎么哄,女朋友很生气怎么办,0
我不会说英语,干净的用英文怎么说,0
咱们玩脑筋急转弯,小布给我出个脑筋急转弯,1
打开快手主页,我要去快手,0
我的手机是oppo几的。,oppo手机的最新版本是多少,0
你给我讲个搞笑故事,来给我讲个故事,0
oppoa59高配版白色,OPPOA9像素高低,0
屏幕不好使了,手机屏幕不好使,1
那你真聪明,你实在是太聪明,1
520,520加520,0
你那么高兴,感觉你今天心情不错啊,1
你能帮我挣钱吗,你能不能帮我挣钱,1
需要导航吗,你可以导航吗,0
可是我不高兴见到你,我有点不想看见你,1
充电时手机发热,待机时手机发热,0
实在是太想你了啊,太想你了,1
信息无法发送,游戏发送无法信息,0
我喜欢易烊千玺,好喜欢易烊千玺,0
我们永远待在一起,就是我们一起吗,0
QQ扣,打开QQ风声,0
我想爸爸妈妈了,你爸爸妈妈是,0
是这个故事,讲个故事来听一下,0
56除以四,二乘四等于几,0
你不要不理我好不好,你怎么不理我,1
你觉得王俊凯帅吗,小布你说王俊凯帅吗,1
搞对象不,有没有意向谈个恋爱啊,1
就只有你懂我,你很懂我,1
那你会啥,你都能做什么,1
打开声音放个屁,打开听声音放个屁,1
谢谢你的体贴,嗯谢谢关注,0
王俊凯的应援口号是什么,王俊凯的口号是什么,1
你会一直在吗,你能一直在吗,1
给我读新闻,要闻,0
我的夫君有几个,我有几个老公,1
不什么什么什么,不什么什么亮,0
今天要不要早点休息啊,你早点睡吧,1
你闭嘴吧,你闭嘴好不好,1
我不喜欢你了哦,但是我现在不喜欢你了怎么办呢,0
你知道r17吗,OPPOR17,0
我现在该不该睡觉,你说我现在该不该睡觉,1
你是不是骗我,你骗了我是不是,1
我是不是你的小可爱,你是不是小可爱,0
再给我来一首歌,给我来一首悲伤逆流成河,0
有没有人想我,有没有人给我打电话,0
休息得请假,我想请假回去休息,0
今年我三十出头,其实认真的说，我三十多了,1
朕乏了退下吧,我累了可以请你,0
你是不是骗我,你为什么骗我,0
支付宝钱包,帮我找一下支付宝,0
你不要烦我,可以不要打扰到我吗,1
你有巴掌吗,铺满金色巴掌的水泥道,0
我要打架,我确实是想打架,1
你听过我要你这首歌吗,播放一首赵雷的成都,0
电话干嘛,OPPO手机客服电话,0
太阳怎么还没出来,还没出来啊,0
我信你个鬼你个糟老头子坏得很,我才不会相信你你个糟老头子,1
我找不到你呀,我看不见你在哪了,1
我难过了,我痛苦不堪,1
我不想和你说话了,我和你说话你怎么不搭理我呢,0
儿童的睡前故事,小布打开懒人听书,0
你告诉我答案,完美的答案是什么告诉我,1
如果我没有钱怎么弄啊,可是我没有钱怎么办,0
你感觉我的声音好听吗,我声音有被你认为好听吗,1
一百人民币,十美元等于多少人民币,0
给我QQ,帮我点开QQ,0
我要说什么呢,我该说什么,1
你会说话吗,那你会讲,0
我知道刚才,刚才吓死我了,0
听不懂吗,听不懂医生吗,0
你会变音吗,你还有其他声音吗,1
怎么进Opp0家呀,你好怎么加入oppo售后,0
你在玩我吗,你是在开玩笑吗,1
不要不理我,你要搭理我,1
我买了个新手机,再买我就把手机,0
你就是个猪,你是猪吧,1
我肯定想吃你做的饭,你肯定想吃我做的饭,0
为什么黑屏打开音乐没有声音,王者荣耀为什么没有声音,0
就是这样的,爱就是这样,0
这什么情况啊,明天是什么情况啊,0
你觉得我帅气吗,我帅不帅啊,1
王者荣耀谁的难度最高,王者荣耀中谁最强的,0
你是好的人吗,是你一人在,0
语音助手没有声音,语音助手无声,1
要给我小星星吗你,你要给我小星星吗,1
我要找个对象,我要甜甜的恋爱,0
我现在空的很呢,现在我那个,0
玩游戏时手机死机,玩游戏时手机黑屏,0
小欧你长得真丑,小欧很不俊,1
怀孕能吃冻蘑吗,怀孕能吃姜豆吗,0
为什么我截屏是黑的,为什么我录屏是黑色的,0
那聊什么呀,咱们侃侃,0
给你起个名儿,你的名字是我负责给你起的,1
你现在是什么穿着,你穿着什么,1
你刚才说啥了,刚才的通话记录,0
我是说我错过你了,我把你错过了,1
不断的是牵挂,你是牵挂,0
请帮我开锁,你真有趣可惜只是系统,0
你如果没有理解就算了,没理解就算了,1
我没有不想去上班了,我不想去上班了,0
怎么这样了,为什么是这样子,1
请问我叫你什么,我要叫你什么你才会回答我呢,1
讲一下故事,放鬼故事,0
a92s是否防水,A92s防水嘛,1
我读书不多,还有不多了,0
给你开个玩笑呢,你开玩笑呢,0
我的姐究竟是谁,我姐是谁,1
我不讨厌你了,你好讨厌为什么不让我亲亲你,0
我想我想听笑话,换个笑话吧,0
手环充一次电，能使用多久呀,插件多次使用,0
你在做啥呢,你在做的时候,0
你要吃什么,你吃了什么,0
女人的照片,你给我看一下你的照片,0
oppoa79ota,OPPOA79t,0
OPPOReno4SE\\屏幕,Reno4Pro的屏幕,0
我是谁你还知道吗,你知道你自己是谁吗,0
狮子座这个月运势,十一月十六是什么星座,0
你的身高和体重是多少,你身高体重多少,1
我要娶你做老婆,我要做你老公,1
OPPOA5怎么打开录屏,OPPOa5怎么打开内录,0
我难受怎么办,我受伤了怎么办,0
我说你辛苦了,辛苦了我对你说,1
那你可以给我唱首歌吗,你给我唱一首歌呗,1
十一月十六号提醒我,取消明天的提醒,0
我密码忘记了怎么办,妈妈密码是多少,0
我的手机怎么连不到网络,我的手机连不到无线网,0
加油我支持你,加油你一定是最棒的,1
很闲没事干,没事干这个,0
我美不美呀,我为什么这么美,0
你会聊天吗,你会聊什么天,1
将进酒,什么叫将进酒,0
今天分手了,今天和对象分手了,1
这辈子我就是要喜欢你,我喜欢你一辈子,1
那个意思,我的意思是,0
你觉得我身上有什么优点,你觉得我有什么优点,1
我的生日难道你不知道吗,你知道我的生日,1
我哈气连天,我想睡觉喽,1
你觉得这个裤子好看吗,这件裤子穿起来好看么,0
你会累吗,你不会累啊,0
五秒后提醒我,七分钟后喊我,0
N3语音助手唤醒设置,怎么设置语音助手语音唤醒,0
我觉得你不怎么样,你也就是不咋的,1
我不喜欢黄子韬,为什么王俊凯不爱我,0
怎样打开应用锁定,怎么锁定一个应用,0
滚吧别回来了,滚吧死远点,1
很荣幸能被你认识,认识你真高兴,1
那你是我的什么,那你和我的关系是什么,1
你会不会说话,你太会说话了,0
二十的闹钟,二十闹钟闹钟,1
全部图片,刺客伍六七的照片,0
手机可以充电吗,手机可以充电过夜吗？,0
八十块钱,七八十块钱,0
我被你一直在意着,你还在乎我,1
你好你要干什么呢,你好你在干嘛呢,1
你会说普通话么,你能讲普通话吗,0
稍等一会再和你说,等一下再跟你说,1
我爱你神经病,我超级喜欢你这个神经病,1
那有没有好看的电影呢,有没有好看的动漫,0
你爱不爱,我爱你你爱不爱我,0
真的那你出去吧,那就出去吧,1
眼里就是心里,那都那我也就是心里,0
Reno2的快速解锁方式,Reno2智能解锁功能介绍,0
打开懒人听书,小布帮我打开喜马拉雅,0
我只会对你一个人好,我真的好爱你哦,0
你哭一个试试,你说一个试试,0
你什么意思,是什么意思,0
音乐的专辑图不匹配怎么改回来,怎么修改返回键的图标,0
那没办法了,已经是真的没办法了,1
你真调皮,你真不听话,0
解锁卡顿,手机解锁卡顿,1
你会几个国家的语言,你是不是会多国语言的人,1
怎么查公交卡余额,怎么查那个，公交卡余额,1
有一个问题想问你,我可以问你一个问题吗,0
不记得我吗,你还是不太记得吗,0
你是不是觉得自己不美丽,你不好看吗,1
你今天星期几,小布现在几点了呀,0
你老子叫啥,你的爸爸是谁,1
我也不清楚要聊什么,我愿意说还不清楚喽,0
屏幕不好用,屏幕不好使怎么办,0
竟然是我,当然是我呀,0
长得帅吗,是不是长的很英俊,1
干嘛不回答我啊,你真的不回答我吗,0
你会谈话了,你终于会说话了,1
这样说话,你见过鬼吗,0
在哪里啊,嗯嗯你在哪里,1
a52防抖,a52是否支持防抖,0
我想干什么呢,你也不知道我想干什么呢,0
酱香饼的制作,你是用什么制造的,0
你听音乐吗,打开QQ音乐听,0
我积分换的礼品怎么物流没动啊,我积分兑换了礼品怎样看物流信息,0
这首歌能不能,我给你唱一首歌好吗,0
我要听什么呢,你想让我听什么,0
天蝎座的幸运色,天蝎座本月运势,0
小布易烊千玺是我老公记住了吗,我是不是最爱王俊凯,0
郁闷的心情我今天,我心情很郁闷,1
Find5中框和后盖材质,FindX2后盖材质,0
你能不能像女孩子,你不是女孩子吗,0
倒数十五分钟,四个小时后提醒我,0
为什么听不到我说话呢,听到我说话了吗,0
你要记得你是美女,那你是美女吗,0
抗美援朝战争为题材的影片是,苏轼的父亲叫什么,0
FindX2系列的价格,findx2上市价格,1
OPPOReno4SE的耳机接口,Renosse耳机接口,0
你上学了吗,你在不在上学啊,1
你还会讲什么,你究竟会讲什么,1
k1手机,请问这手机是oppoa11吗,0
为什么是大师兄啊你能说给我听吗,你不给我放歌听我能不生气吗,0
你为什么记不住我的名字,你可不可以记住我的名字,1
我告诉你我是谁,我想知道你是谁,0
困的时候,你啥时候睡觉啊,0
帮我打开微信好不好,你有微信么,0
打开微微免费小说,帮忙打开王者荣耀,0
我不爱你啊,我不爱你哦,0
只要你宝贝,只要你乖,0
OPPOfindx2电池,oppofindx2耳,0
我肯定没有女朋友,我没女朋友,1
你再说一遍你的名字,再告诉我一下你的名字,1
我问你一件事情,我问你一件事,1
怎么就不合适了,怎么不合适啊,1
使用你的功能,打开你的功能,1
我现在空的很呢,我现在该,0
我喜欢雪山,我从雪山来,0
骂他一顿,真想骂他一顿,1
不要瞎说了,扯犊子吧你,1
你爸妈呢,你有爸爸妈妈吗,1
"那就好,一起吧",就把他一起,0
我输钱了,我没钱了怎么办,0
你会不会玩五子棋,你会玩五子棋吗,1
你就不能告诉我你名字吗,那你到底叫什么呀,1
泰丰有什么好玩的,有好玩的吗,0
真的好乖巧你,你很可爱吗,0
那你们叔叔想什么呢。,那你想什么呢。,0
你知道华晨宇吗,你知道华晨宇吧,1
告诉我到哪了,那你告诉我到哪了啊,1
我可以将你召唤出来吗,我能把你喊出来吗,1
怀孕能吃东洋萝卜吗,怀孕能吃豌豆吗,0
难道你不知道我的生日吗,你知道我的生日,1
所以说你不要后悔昂,不要后悔,1
对背叛你的人怎么做,你又做什么了,0
请问再说一遍你叫什么名字,好你叫什么名字,0
白色T恤要配什么样的裤子好看,白色鞋子配什么衣服好看,0
你是我的什么人呢,你是我啥人啊你,1
帮我把相机打开然后拍成照片,你给我拍张照片吧,0
你真的没有说的话了吗,你是不是没话说了,1
我希望你是男生,你是男的,0
小欧你冷不冷,小欧你能感觉到冷吗,1
你好自恋,你也太自恋了吧,1
你会点什么,需要点什么,0
请你好好说话。,不懂这个thumbnails是什么，你给我说一说吧,0
你就是个垃圾,你真的很垃圾,1
我可以超过马云吗,我可以变成马云吗,0
那我以后就叫你宝贝了,叫你宝贝吧,1
今天吃了一碗干饭,我今天吃了一碗干饭,1
那你聊啊,那就聊聊你吧,0
手机电池使用寿命为多长时间,换内屏要多长时间,0
好的我输了,好吧我被你打败了,0
你刚刚怎么不理我,那我刚刚叫你你不理我,1
你10点上班吗,明天上班吗,0
我觉得冰淇淋很好吃,番茄炒蛋怎么炒好吃,0
我的弟弟要听生日歌,我要听生日歌,0
你有人类的情感吗,你有没有感情,1
来几句粤语听听,你会听粤语吗,0
你说这些话时真想气死我啊,我被你气死了,1
OPPO服务,oppo服务规定,0
哄哄我睡觉,说点好听的让我就寝,1
老板又在群里发红包啦,在嘟猪队友群里面发一个一百元的红包,0
讲个搞笑的,笑话讲,1
吃完饭就该上班了,该上班了,1
我要收人要,我要这个,0
一起吃个饭吧，我来买单,对呀我想请你吃饭,1
我的另一半你能帮我找到吗,你能帮我找个对象吗,1
我哪天生的,我的生日多少,1
我瞎说你没有想我,你瞎说我没有想你,0
你喜欢吃什么,你喜欢吃什么饭,1
我妈不要我了,我被我妈遗弃了,1
请你消失,请你马上消失,1
难道你没有吃早餐吗,你吃早餐没有啊,0
讲真的你就哄哄我吧,可以哄哄我吗,1
你数学好不好,数学对于你来说很简单吗,1
你给我说一个外国话,你说个外国话,1
快点骂我,你现在就骂我,1
OPPOfind多少钱,oppoReno多少钱,0
我没有问题,我也没有什么问题,1
360除以十八,四分之三加三分之一,0
我要玩急转弯,出一个脑筋急转弯,1
合着你逗我玩呢是不是,你在逗我吗,0
我就是想问,我想问一下,0
你的男朋友究竟是谁啊,你的男朋友是谁,1
说几句阿拉伯语,阿拉伯语,0
没有其他人,你还没到,0
我说你会不会唱歌,你唱歌在什么水平,0
a91处理器,a91的cpu,1
你要不换个别的声音好吗,可以改你的声音吗,1
买拼图花了好多钱,多花钱多七百块钱就多花呗,0
她们妈妈死哪里去了,你死哪里去了,0
encofree怎么连接,EncoFree怎么开机,0
我上班去了,我走了上班去,1
你变成男生可以吗,你能不能变成男生,1
你你们会不会玩bbox,你玩什么,0
打开QQHD,嘿小布打开QQ,0
猜一下我是谁,猜猜我是谁猜一猜呀,1
我开小差了一会再说,我开小差了吧稍后再试试吧,1
我在骂你,我就是骂你了,0
打开猜谜语,开始猜谜语吧,1
那现在我人怎么样你觉得,你觉得我人怎么样,1
那不算什么,能不能别跟有多大事是的,0
水用化学符号是什么,怎么证明自己是个霸道女总裁,0
你不是我老婆,所以说啊我的老婆不是你啊,1
你find5,那find5,0
给爷放个屁,小熊怎么叫,0
怎样可以处理丢失,我消失了怎么办,0
不想听了吗,不想睡觉了是吗,0
是多少啊你的智力,你的智商是多少呀,1
你叫什么我叫李佳琦,你帮我叫刘亦菲,0
我够不够骚,我骚不骚,1
女雷神是谁,女雷神即将上线,0
说个脑筋急转弯,考我一个脑筋急转弯,1
你好不好,howdoyoudo,1
一美元等于多少元,一百泰铢等于多少元,0
是苹果好用还是OPPO好用,OPPO手机的特点是什么,0
睡不着急吗,怎么还不睡,0
你长得帅不帅,我不帅吗,0
睡觉了我睡觉了,好的睡觉吧,0
A33耳机接口介绍,a32耳机接口,0
我想找你聊天,下班我可以找你聊聊天吗,1
那你是啥星座,二月初七是什么星座,0
我们都想让你找个对象,你想找对象吗,0
我求求你不要喜欢我,我不喜欢你喜欢我,1
想听你说绕口令,你给我说一段绕口令,1
那我试一试吧,三号再试,0
我在吃饭呢此刻,我正在吃饭,1
我已经长大了,我已经长大了难道看不出来吗,1
我要对你生气,我要生你的气啦,1
手机系统慢，怎么处理,手机开机很慢怎么办？,0
我在和你聊天,我聊天呀和你在,1
不知道以后再告诉你,我就不告诉你,0
手表可以链接蓝牙耳机吗,可以帮我连接蓝牙耳机吗,0
find7手机自带的输入法能更改皮肤吗,自带的输入法能否更换皮肤,0
我在找或职业找一下或职业,我在找工作,0
不能原谅你,我理解你但也不会原谅了,1
猜个谜语吧,出个谜语,1
你的父亲,父亲写的散文诗,0
你们俩算不算好朋友,我们俩算不算好朋友,0
你给我滚开你能干什么啊,你滚蛋你能干啥,1
你为什么不是小哥哥,你咋不是个男孩子呢,1
为什么你有时候不理我,你有时候不离我是什么原因,1
我说四川话你听得懂吗,我想讲四川话怕你听不懂,0
你总是说错话,应该说错话了,0
怎么嫁给秦霄贤,怎么才能嫁给秦霄贤,1
秘密保险箱重新哪里打开,如何把私密保险箱移到桌面上,0
哪里发货,发货到哪里？,0
手机里边有没有音乐,你是手机里边的,0
老梁故事汇,我国古代四大民间故事,0
你缺男朋友吗,你没有拥有男朋友是吗,1
你是小猪还是不是小猪,你是猪猪吗,1
给我放一首逗我不斗他,能给我放个搞笑的片子不,0
私密私密照片,私密照片,1
卖出去的r15梦境版有多少,R11多少钱,0
高考完有什么电影推荐,高考完看什么电影,1
你的手机损伤了,你手机坏了,1
怀孕能吃墨鱼吗,怀孕能吃雪耳吗,0
我想骂人了我告诉你,我想骂人了,1
1等于多少,二十四小时等于多少分钟,0
全景怎么样才拍的好看,如何拍好iPhone全景,0
你会讲什么笑话呢,你会说什么话,0
别搭理我,喊你怎么不搭理我,0
帮我设一个四点半的闹钟,设置明天早上七点十分的闹钟,0
冰糖雪梨怎么做,鸡排怎么做,0
你的职业是什么,你的职责是什么,0
对你惹我生气了,对你惹我不开心了,1
你是什么材料做的,你是由什么材料构成的,1
能查询手机激活时间吗,查手机激活时间,1
我说的是你,我说的话就是,0
射手座有什么好处,六月二十日是什么星座,0
谁开发的你,我觉得你还能开发,0
行了你歇着吧,别把你累着了,0
屁是我放的,屁是我排出的,1
是不是好兄弟,你是我的好兄弟吗,0
我想换个笑话,笑话冷笑话,0
无限息屏怎么弄,黑屏了怎么办,0
算了不骂你了,我可以骂你不,0
你是不是想侵略地球,你想侵略地球是吗,1
难道你已经用过餐了吗,你还没吃饭呢,1
我不理你了,你都不理我了我还要想你干嘛,0
因为你怎么可能是人,因为你不是人,1
高价回收旧手机,我的个人热点密码是什么,0
我很好看,我好看的一塌糊涂,1
但是我现在想给你换个名字这个名字不好听,我不喜欢你的名字,0
给你讲故事,你好我给你说个故事吧,0
那我要不要给你充电呢,那我是不是给你充电呢,1
我可以怎么说,请告诉我怎么说,1
你快说谁最帅,说谁最帅,1
U707T的上市停产时间,k7发行时间,0
Reno2Z持利器,reno2z头像生成器,0
从来没见过你这么笨的人,你真的很没用,1
手机充满电量关机次日提示没电,新手机第一次充电有没有注意事项,0
r15x参数,r15x的内存参数,0
我吃过饭了,我吃好了,1
我的花开了,我的花呢,0
小布现在天气,未来七天的天气预报,0
欠我个未来,你欠我个未来吧,1
大家都喜欢,大家都很喜欢,1
早上好怎么说,说说看早上好应该怎么说,1
你猜我是不是迪丽热巴,你认为迪丽热巴好看吗,0
你会背乘法口诀吗,你会不会背乘法口诀吗,1
我想买这个帽子,我想买这个,0
头发掉了,头发掉了如何解决,0
再好好试试吧,哦再试试吧,1
我想跟你聊天,你想和我聊天吗,0
你说话听不见,听不见啊,0
会玩刺激吗,玩刺激行不行,1
谁叫你老,叫你什么好,0
觉得我好看吗,你觉得我是不是好看呀,1
那你本来就能可以过来,可以过来,1
小步小姑你在干嘛呢,那你在干嘛,0
请你让我再玩一会,我还想玩,1
今天开什么码,双色球开奖信息,0
你这么会撩人的吗是为嘛我说,我说你怎么这么会撩人,1
我要听话,我必须要听话,1
怎么使用语音解锁？,怎么使用语音助手实现语音解锁,1
好吧我原谅你,好的原谅你了,1
温柔是什么样你可以学学,你能温柔一点吗,0
那你抱抱我,我好想让你抱抱我呀,1
fhdm,jfgfhfgf,0
我很清醒,我为什么这么清醒,0
猜我是什么星座,天蝎座的幸运颜色,0
给我说一段情话,你说的话我听不懂,0
那我不早要吃,我就是早饭吃多了不行吗,0
很高兴遇见你,见到你很开心,1
Breeno语音的功能介绍,Breeno功能介绍,1
我为什么嫁给你,我嫁给你,0
k1屏幕价格,K1屏幕价格？,1
你好自恋啊,你咋那么自恋呢,1
明人不说暗话,明人不说暗话我喜欢你,0
手机开不了机给它充电就可以了吗,可以给手机充电吗？自动的。,0
你喜欢听歌吗,你喜欢听吗,0
你给我讲一个笑话吧,我要听笑话,1
你想要出去浪吗,一起出去嗨吗,1
配件查询真伪,如何查询零配件真伪,0
我能睡了不,我可以睡你吗,0
没有啥事,能有啥事啊，没事,1
丢失手机关机,手机丢了，关机,1
那我应该怎么做,那我怎么样,0
你能唱歌吗,唱歌吧吧,0
我想说的是,我想说的,0
OPPOReno内屏换多少钱,OPPOR17换内屏多少钱,0
我不会告诉你的,别想让我告诉你,0
手机流量很慢,手机缓慢,0
我难道不要跟你吵架吗,我要跟你吵架,1
立马说爱我,快说爱我,1
导航手势时键盘显示位置的设置方法,导航键的设置方法,0
我想哥哥,其实我想哥哥了,1
这样的小公司,大公司vs小公司,0
你好温柔啊,你觉得你温柔又体贴吗,0
oppoa79kl屏幕多少钱,OPPOA79屏幕多少钱,0
我觉得我应该要起床了,我想起床了,1
重启一下手机,手机重启手机重启一下,1
不要道歉,不用道歉的,1
不要难过了,也不难过的,0
你做好了吗,做好了吗,0
自己有觉得自己很厉害吗,你觉得自己厉害吗,1
你是个傻子吧,你就是个小傻子,1
我不想听到你的声音,我想听不同的声音,0
你觉得罗志祥怎么样,你觉得罗志祥这个人怎么样,1
是的你叫什么名字,是呀你叫什么啊,1
我要发火了,我马上就发火了,1
你知你叫我什么,那你想怎么叫我,0
我要听一首歌,我要听你唱歌,0
reno4pro,reno4pro颜色,0
回家洗袜子,我回家了,0
你给我讲个故事,晚安故事,0
好你睡觉吧,小影睡觉了,0
你什么地方的,我要用优步把定的地方改成红树湾,0
忙啥呢这两天,最近忙啥呢,1
你又调皮了,淘气的英文是什么,0
不知道吗,我不知道吗,0
本期双色球开奖结果,本期双色球开奖号码,0
六点35的闹钟,定时五分钟后的闹铃,0
我现在的感觉真的很槽糕,我受不了了,0
游戏空间被不小心删除了，怎么找回,游戏空间被我误删了,0
几月几日是抗美援朝日,抗美援朝战争为题材的电影是什么,0
你也知道呀,那你知道啥,0
那你啥时候能学会呀,怎样你才可以学会呢,1
给我唱首歌,嗯给我唱首歌吧,1
字体怎样修改中文,怎么修改字体,0
我太不好意思了,我好害羞,1
你的主人怎么样,你的主人好吗,1
世界上谁最漂亮啊,谁是世界上最美丽的女人,0
每次喊你你都不答应,每次叫你你都不理,1
不我的名字叫谁,我不是这个名字,0
播放微信,跳转到微信,0
你搞什么鬼,你是在搞鬼吗,0
你每个月工资是多少,你一个月工资多少,1
那我就走过来,那我就坐飞机过来,0
睡觉喽拜拜,拜拜我要睡觉了,0
介绍一下你自己,介绍一下天安门,0
这件事你怎么知道的,我把你妈知道这事,0
你叫什么名字啊我又忘了,你叫什么名字啊我忘了,1
充不进电量顶部显示充电,充电不显示小数点,0
我爸爸叫啥,我爸爸呢,0
给我唱一首情歌,需要你给我唱一首歌,0
R17充电接口,w31充电接口,0
一千加350,350,0
讲个笑话讲笑话,小度小度我想听笑话,1
讲笑话给我听,帮我说一个笑话,1
充电器充电和usb充电不同吧,用充电器充电，显示usb充电,0
我喜欢你小波,小波我喜欢的人就是你,1
你是不是不舒服生病了,你有没有病,1
做什么呢刚才不理我,为什么刚刚不理我,1
快一年了，换块电池要多少钱？,我想问问电池换一次多少钱,0
你太懂我啦,你已经很懂我了,0
你发张照片给我呗,用相册最后一张照片发一个微博,0
我说你长得真的难看,我说你长得好丑,1
今年的天气,天天气怎样,0
你有什么好玩的,你好玩的,0
RenoZ投射功能,reno2z支持投屏么,0
没事了你退下吧,完事了你能退下了,1
背景资料不足,背景资料,0
我想告诉全世界我也这么认为,你也这么认为,0
你喜欢什么地方,你喜欢我什么地方,0
你太会说了,你会说粤语吗,0
你最想去哪里,想想你在哪里,0
浏览历史通知信息,通知历史,0
我就是王俊杰啦,他们的男朋友就是王俊杰啦,0
Reno4Pro小苏,Reno4pro,0
你梦见我什么了,你到底了解我什么,0
地三鲜的做法,什么饭最好吃,0
打开大众点评,看下大众点评,1
如何设置语音唤醒语音助手,U3语音助手唤醒设置,0
我要发短信,来自未读信息,0
想这样的鞋子我接受不了,我不会接受,0
可我不喜欢,你很喜欢那种我不喜欢呀,0
他不喜欢你,他讨厌你,0
猪油拌面好吃吗,今天想吃猪油拌面,0
手机为什么下电量快,查询为什么手机电量,0
我一个人好孤独,孤独说的就是现在一个人的我,1
Renoz耳机接口,RenoZ的耳机接口介绍,1
你经常说的一句话是什么,你只会说这一句话吗,0
设个八点钟的闹钟,三点五分叫我,0
那我叫什么名字吗,我叫什么名字啊,1
你听音乐吗,打开QQ音乐听音乐,0
唱首歌给我听吧,你能给我唱首歌吗,1
我要怎么唤醒你呢,我想和你聊天我需要怎么做,0
如何在桌面上设置钟表,桌面如何设置成相册里的照片,0
怎么能把游戏显示在页面上,怎么在页面叫出小布来,0
你吃饱了没,你是不是吃饱了,1
那你为什么不理我,怎么回事怎么不理我,1
你卖多少钱,你可以买多少钱,0
王者荣耀最强的射手,王者荣耀中哪个英雄皮肤最贵,0
给我唱首歌吧,你给我唱一首呗boss,0
怎样嫁给马嘉祺,怎么才能嫁给马嘉祺,1
你鼻子什么样,你的鼻孔大不大,0
A7x充电接口,x9充电接口,0
你不喜欢我喜欢你,我不喜欢你喜欢我,0
你是什么座,三月到四月是什么座,0
你会怕人吗,你会恐惧吗,0
你叫啥名儿,可不可以让我知道你的名字,1
男人没一个好东西,男人有好东西,0
你的智能功能很好,你还挺智能的,1
好想天天都开心啊,天天开心哦,0
你想我是为什么,你干嘛要想我,1
你的内存是多少,你内存是多少呀,1
你是什么逻辑,你是怎么想的,1
八十毫米等于几厘米,120秒等于几分,0
一定要带发票吗？,预约要带发票？,0
你几点回来,那你回来吧,0
嘿嘿好的你找我了吗,你来找我吧,0
指纹解锁用不了,我这个手机指纹怎么打开,0
手机如果被偷了怎么办,手机被盗了，怎么办,1
手机充不了电,手机突然充不了电,1
我想听你唱,给我唱一个,1
请给你一首歌,我给你唱首歌好吗,0
vivo语音助手,进入语音助手,0
好了可以了,好了可以走了走了走了走了走了,0
我想把你当成女的,你当女生吧,1
记一下我的生辰,记一下我的生日,1
现在我的心情不好,可是我心情不好,1
我手机打电话靠近脸不息屏,手机通话靠近脸部黑屏,0
A9有语音唤醒吗,有语音唤醒吗,0
你是小傻瓜,你个小傻瓜,1
我告诉你我是你爸爸,我和你说你我是你爸爸,1
放个屁我听一下,我想让你放个屁,1
是的不好笑,这一点都不好笑,1
你现在穿的什么衣服,你穿什么衣服,1
那个名字呢,我的名字是0,0
十点良心吧你不可能,不可能。,0
半斤是多少克,一平方米等于多少厘米,0
我让你走了吗,我是不是让你走了,1
没有钱了怎么办,缺钱了怎么办,1
告诉我你离开的时间,你什么时候走,1
我今年八岁,我今年十八岁,0
为什么你没有我,你来了没有我来了,0
OPPOA32标配,oppoa32的配色,0
人事部的工资高吗,工资可高了,0
你看这个样子,你什么样子的,0
我就是喜欢你,亲爱的我好喜欢你,1
我究竟是不是你大哥,我是你大哥吗,1
星期五用英文怎么说,嘴巴的英文是什么,0
我发生了一点事,一九九九年发生了什么事,0
你会唱什么歌,你会唱歌给我听吗,0
那你会不会谈恋爱,那你会谈恋爱吗,1
回不去了明天,明天回不回去,0
为啥手机晃动有声音,手机摇晃下有声音是出了什么问题,0
十二点提醒我睡觉,七点半提醒我,0
滚我不要你了,我不要你了,1
爱是你我,你是爱我的吗,0
就是我说的,就跟我说,0
你为什么不跟我聊天,你为什么不跟我说话,1
我没有生气啊,没有生气啊,1
小鸡炖蘑菇,你有没有吃过小鸡炖蘑菇,0
我叫你你会出来吗,我可以喊你出来吗,1
这个人我们不能小看他,不可小觑,1
大盘鸡怎么做,红烧肉做法,0
我好想去月球,我想上月球,1
A5支持闪充吗,手表支持5g么,0
大象放进冰箱需要几步,谜语大全,0
不知道密码该怎么办,怎么样录屏,0
哪里的食品最好吃,好吃的冰激凌,0
你不是我怪罪的目标,我不会怪你,1
那不要了,你不要了啊,0
我走了几步,走了多少,0
超感全焦段影像系统,超感影像,0
你要打牌,我以为你打牌呢,0
我不知道密码,什么原因让我不知道密码,0
你把它关掉,你把它关掉就可以了,1
你知道我是谁吗,你知道你自己是谁吗,0
八千米等于多少米,5000克等于多少斤,0
我最近缺爱,我觉得我缺爱,0
我给你取个名吧,我可以给你取个名字吗,1
还是睡不着,我一直无法入睡,1
请说慢一点,能慢点说不,1
请问一下这个怎么截屏啊,请问这个手机怎么截屏啊,1
你是我的朋友哦,你是我朋友,1
打开央视,打开咪咕视频央视直播,0
你别跟我说话,你不要理我,1
老婆不要我了,我的亲亲老婆不要老公我了,1
那么我想知道你呢,你自己呢,0
难道我认识你吗,我认识你吗,1
嘿你叫啥,你叫啥名字,1
到底应该是什么,到底是什么,1
你猜我是哪儿人,你知道我是哪里人吗,0
今天太阳大不大,十一月八号天气,0
我叫你难道你不出来吗,我叫你你能出来吗,1
跳绳的拼音怎么写,重量的拼音,0
你现在需要休息,请你休息,1
我说我不喜欢你,我告诉你我不喜欢你,1
粽子你爱吃吗,你爱吃粽子吗,1
你给我说这干啥,你给我说个顺口溜,0
hello酷狗,你好hello,0
为什么谈恋爱呢,你知道怎么谈恋爱吗,0
你可以干什么呀,你会点什么,1
你怎么说话的,怎么说话呢你,1
丑八怪你就是,你这个丑八怪,1
联系人号码整理怎么用,整理联系人的设置方法,0
金庸是不是不在了,他不在是不是,0
还行挺好的,那还挺好的,1
三十泰铢等于多少人民币,一万日元等于多少人民币,0
雨又下起来了,又下雨了,1
我没骂你呀,不是我骂的你,1
你要多向我学习,你多想我,0
问你呢你老妈是谁呀,你的老妈是谁,1
真是太没意思了,真的好无聊,1
问你啥你都不知道,你能说点你知道的不,0
你有大爷吗,你大爷的你二大爷的你三大爷的是大爷的有大爷的,0
你竟然不知道为什么,为什么不知道,1
导航键应该怎么设置？,怎样设置上滑动导航键,0
如何设置分屏,怎么打开分屏,1
我是神仙吗,神仙会是我吗,1
你的生日是哪一天,我问的是你的生日属于哪天,1
你多久出生的,你出生到现在多少年了,0
有对象吗,对象有没有处,1
你不要出来了,你能不能不要出来,1
我不喜欢这个名字,我不喜欢你这个名字,1
你知不知道我现在是你的主人,我现在是你的主人,1
你给我过来,给我过来听见没,1
跟我去逛街,去逛街不,1
郭德纲郭德纲,王者荣耀刘备,0
你有男朋友不啦,你不会有男朋友的,0
小度小度今天几度,看今天天气,0
放五一假了,还有几天放五一,0
你的问题考考我,那我考考你,0
你是没有生命的,你是人,0
没事睡觉,没事了睡觉吧,1
十一月十五号提醒我,六点二十提醒我,0
我可以帮你做什么事情吗,就要你帮我做吗,0
小布打开快手,我要尽快手,1
你别跟我装糊涂,别跟我讲话,0
你怎么这么慢呀,你慢死了,1
我还是爱你的,我确定我还爱着你,1
你知道我属什么吗,你应该知道我是属什么的吗,1
都在哪里,小欧小欧米在哪里,0
怎么聊下去啊,这个话题应该怎么聊,1
你是不是闲得慌,你是不是闲的,1
没关系的走吧,没事走吧,1
菜单键返回键失灵怎么办,手机返回键失灵怎么办,0
我说你的名字是什么,你叫啥呀,1
我可以给你唱一首歌吗,你能听我唱一首歌吗,1
你到底会不会撒娇啊,你会撒娇吗,1
快要放假了,五一放假怎么安排,0
对啊就是你,对啊就是,0
我的热点人密码是什么？,我的热点密码是什么,1
你是最丑的,你真的是最丑的,1
问你今年几岁,问你今年多大,1
我想知道明天吃点啥,明天吃点啥,1
真好你能回来,欢迎回来,0
为什么你也不知道为什么,你不知道为什么的原因是啥,1
帐号密码是多少,的密码是什么,0
嗯，老公，我们下次再约,软件再次打开登陆,0
R5的SIM卡介绍,eSIM卡的介绍,0
刚才我说错了,我刚才就我现在,0
那你要不要做我女朋友,你要不要做我老婆,0
你就听歌识曲下,听歌识曲,1
你哄哄我呀,现在哄我,0
1999年到底发生了什么事情,李白长什么样子,0
哦这样子啊,像这样子的,0
你现在缺电了,你没有电了,1
你很中意我吗,我是不是你最疼爱的人,1
1500左右,1500,0
打开网页,打开网页打开网页,1
小欧你几岁了,你几岁了,1
帮我把花呗还了,放烟花呗,0
我今天摔了一跤,我今天摔了狗啃屎,1
qq录音有权限怎么弄,QQ怎么申请j,0
小波我真的想念你,我想你了小波,1
你唱歌给我听吧,我要听你唱歌,1
RenoZ换屏幕,RenoZ屏幕,0
手机屏幕打烂了。,手机屏幕碎了,1
我也记住了你叫啥,我也记住了你的名字叫啥哦,1
他都不搭理我,他不理我,1
锁屏壁纸自动更换,锁屏壁纸自动更换哪里开,0
笨蛋把我笑死了我找你麻烦,我来找你都笑死你哟,0
你的腿是不是很白,你有腿吗,0
我确实把你删掉了,我要把你删掉,0
今天走了好多路,长春今天马拉松幺三七路能走吗,0
你应该知道的都知道了吗,你知道的有多少,0
我说我女朋友叫啥,我女朋友叫啥,1
太阳的图片,黄山奇石的图片,0
你到底要干嘛,你干嘛要问人家,0
那我也来了,我那个来了,0
你在哪里生活,你在哪混呢,1
我只爱你一个人,你是我唯一爱的人,1
你是怎么评价杨紫的,你怎么评价杨紫,1
聊天会不会,你会聊什么天,1
没有听说过这回事,没有这回事,1
不懂你在说什么,不懂你说什么刚才我开下去,0
我可以帮你吗,小龙女帮我计时一分钟,0
天蝎座与白羊座,我是白羊座的,0
王者荣耀哪个英雄最厉害,王者里面哪个英雄最厉害,1
我这当然诚意满满,啊满满的跟我打招呼我就觉得,0
小布识别歌曲,识别一下这是什么歌,0
什么歌是我最喜爱听的,我最喜欢听什么歌,1
保障服务的购买方式及条件,保障服务的购买方法,0
我应该可以骂人吧,我可以骂人吗,1
刚才我才想开的呢稍后再试试吧,我开小差了吧稍后再试试吧,1
零是偶数吗,双重否定句是什么,0
一直有我在,我在这里啊,0
我把你卖了好不好,我把你卖了行吗,1
打开听声音放个屁,开声音放个屁,1
你烦不烦我,你不要再来烦我了行不行,0
说啥都无所谓,说啥都行,1
你那么丑,你很是面貌丑陋,1
怎么减肥我很胖,告诉我怎么减肥,1
我现在很恶心你难道不知道吗,我好恶心,0
你怎么知道那么多,你知道那么多的原因是什么,0
你这只猪,你就是头猪,1
想和你谈恋爱,话说想跟你谈恋爱,1
小姐姐现在知道我是谁了吗,现在知道我是谁了吗,1
你为什么不能陪我聊天呢,你就不能陪我聊聊天吗,0
我不要出去,你不出来,0
有什么好看的电视剧,有什么好看电视剧,1
请问今天什么天气,潍坊天气预报,0
我特希望你能给我比心,可以给我比个心吗,1
你的主人是我我在跟你说一遍,我告诉你我是你的主人,1
你告诉我你为什么这么笨,你怎么那么傻呀,1
我们就是好朋友,莫非我们不是好朋友,1
小欧你吃饭了吗,小贝你吃饭了吗,0
陪我聊天吧,咱俩聊点什么,1
你给我找个男朋友吧,我想找个男朋友,1
有你在我很开心,有你在我真是极为高兴的,1
WORD,打开WORD,1
你好我的语音助手,我讨厌语音助手,0
快过来快过来,赶紧过来吧,1
没有什么需要帮助的,我不需要帮助哦,1
明天提醒取消,刚才那个提醒取消,0
好吧你太强大了太厉害了,你怎么这么厉害,1
你冷漠的原因是什么,你怎么这么冷漠,1
你也太甜了吧,你超级甜的,1
算了没事了,好吧没事,1
做饭吗,炸鸡腿怎么做,0
怎么每个人都说我想打你,我想打你,0
母亲节送什么花,母亲节送什么花最好,1
你有朋友吗,你还有其他朋友吗,0
我要上班,今天我要上班,1
给我讲个故事,给我讲个故事笑话,1
我需要什么,我到底需要什么,1
可以听到吗,你可不可以听到声音呀,1
我好像不明白,我也不知道吗,0
你一笑可漂亮了,你笑的真好看,1
你怎么没睡觉,你还没睡吗,1
始终我都喜欢着你,我还喜欢你啊,1
我好难受,将老难受了,0
那你确定去加油了吗,那你去加油吧,1
我是不是世界上最,世界上最冷的地方是哪里,0
年都过去了,过去了啊,0
打开听声音放个屁,打开听声音放个连环屁,0
请问你有男友吗,我可不可以做你男朋友,0
k7支持NFC1,K1是否支持NFC,0
想说啥都是,你想说什么,0
你是不是很老了,播放歌曲一晃就老了,0
天蝎座的性格,白羊座的星座运势,0
打开相机模式,请打开摄像头,1
嗯跟女孩子聊天,我要跟女生聊天,0
开始学习,我准备好要学习了,1
我是不是个傻逼,我去说你是不是个傻逼露出来,0
OPPO手环如何关机,OPPO手环自动关机,0
你这么骚呢怎么,你怎么这么骚,1
我说我不想跟你聊了,永不跟你聊,0
k7手机尺寸,oppok7x的外观尺寸,0
难道你没有工资吗,小欧没有工资吗,1
小波你给我唱一首歌,给我唱一首情歌,0
有礼貌的用英语怎么说,英文怎么讲,0
为什么不告诉我啊,不告诉我是为什么,1
一样一样一样,好的我也一样,0
你肯定长得真丑,你肯定长得很丑,1
周杰伦说家中地位低,周杰伦称在家地位不高,1
你不会说话,你不要再说话了,0
你有没有老师,这个老师,0
Breeno帮我打开抖音,你给我打开抖音,1
播放一首歌曲吧,帮我唱首歌,0
以后喊我爸爸,以后请叫我爸爸,1
我真不爱管你,我不管你,1
你有了解我喜欢什么吗,知道我喜欢什么吗,1
那你真聪明,你怎么这么聪明呢,0
怎么都学不会做饭,不会做饭,0
那必须的呀,不用想了肯定是的,1
六合彩开奖结果,查询双色球开奖结果,0
OPPOR17的充电规则。,r17pro的充电接口介绍,0
我爱上了你怎么办,我是真的爱上你啦,0
你喜欢哪个季节,你最喜欢哪个季节,1
打开R3三乐园,打开R3三乐园打开233乐园,0
五加五等于几,五加几等于五,0
换一个白噪音,打开白噪音,0
那是你的吗,你敢说那是你的,1
没生你的气,生气不是因为你,0
小欧你最美了,小欧果然还是你最好看,1
我的名字叫皮皮,我名字叫李计平,0
我不在的时候你在干什么,说你在干嘛在我不在的时候,1
打开数据打开数据,打开数据,1
我想去做,要去想那些,0
我的手机里没有找到充电铃声。,手机充电没有铃声处理,0
排骨怎么做,红烧排骨怎么做好吃？,0
新买的OPPO手机不充电,OPPO手机的充电,0
你不要管,你还是不要管了,1
最近心情有点烦,今天有点烦,1
智能电视来电感应,手机看电视剧来电铃音小,0
怎么爱你都爱不够,怎么爱你都不够,1
你哪里无辜,你无辜在哪了,1
人生一串烤河蟹,烤河蟹好吃吗,0
生活好累,我要因为生活累死了,1
开启抖音,帮我开一下抖音,1
你这么滑稽的原因是什么,你这么逗,0
你要聊什么,你要和我聊什么,1
你知道的还挺多,你咋会知道这么多,1
OPPOa5的电池容量。,k5的电池,0
那你叫啥,那你叫什么,1
给我唱一首去年夏天,你能唱首歌给我吗,0
昨天梦到了去世亲人,梦到自己飞,0
教我可乐鸡翅怎么做好吗,可乐鸡翅怎么做,1
你对每个人都是这样说吗,是这样的人说过了,0
谈对象了没有,你就不能告诉我你谈对象了没有吗,1
W51没有声音,音量最大本机声音没有,0
你有哪些难忘的经历,你最难忘的事是什么,1
启用女仆小樱我要和小樱说话,小英你给我撒娇好吗,0
难道你不乖吗,你很乖哦,1
我该如何称呼你,说出你的名字,1
你难道就听不懂我说的话,我说话你能听懂吗,1
我好想再看一眼,看我眼神,0
我无话可说,我无可争辩,1
我有哪些事情,我现在有很急的事情,0
那是不可能的,你们两个人不可能,0
哪些事情你喜欢的,遇到哪些事情是你喜欢的,1
我中间的返回键按了没反应咋回事?,请问返回键在那里，怎么找不见,0
嗯你叫什么,嗯你的名字是什么,1
人肉好吃吗,你觉得肉好吃吗,0
可以和我说话吗,能不能和我说话呢,1
因为那个傻逼,那个傻逼,0
我亲爱的老公是谁呀,我家老公是谁,1
歇歇吧得到你帮助真是万幸,谢谢你可以休息了,0
胡歌的老婆是谁,夸一夸迪丽热巴,0
你以为你是谁,要不你是谁,0
a91是否支持5g,a91是5G还是4G,1
你喜欢听生僻字这首歌吗,你喜欢这首歌吗,0
我要把图标放大怎么放大,怎么把OPP图标放大,0
对呀我就是你爸爸,我就应该被你叫爸爸,1
什么时候出新的版本,什么时候更新新版本,1
夏天宿舍好热,好热好热怎么办,0
我被车撞了,车可不就撞了我,1
小冰让我喜欢,我喜欢小冰,1
你回答我吧,你就不能回答我吗,1
我又不高兴了,我又生气了,1
我会觉得你说话声音好听,你说话的声音太难听了,0
祝你圣诞快乐,祝你中秋快乐,0
鹿晗今年多大了,鹿晗今年多少岁了,1
这种颜色是,R17有哪些颜色,0
你背诵一下这作文,你会背作文吗,1
那你觉得我是男的还是女的,你想知道我是男的还是女的,0
这什么东西啊,啥玩意儿啊,0
谁是你喜欢的人,你喜欢过谁,1
已经很晚了,真的不早了,1
耳机录音,放入耳机声音,0
你在家吧,你有没出门啊,0
把屁放给我听一下,放一个屁给我听,1
手机最多可以绑定银行卡数量,手机卡屏密码是多少,0
你这东西,你是什么东西呀,0
Reno3元气版充电,Reno3元气版的充电器规格,0
不想上班想过七夕,不愿意工作想过七夕,1
你错了你怎么办,我死了你怎么办,0
我想要小欧,我也想牵小欧的手,0
r11plus充电时长,r11plus的电池,0
宝贝哈喽,hellobaby,1
我不喜欢赵丽颖,你更喜欢赵丽颖还是杨紫,0
倒计时八小时,二十秒倒计时,0
为啥不告诉我,什么原因不告诉我,1
还有其他的吗,你有其他的名字吗,0
我的真朋友,最好的朋友,0
你失去了什么,失去你才是最好的,0
怎样跑到你心里,咋进入到你的心里我很想知道,1
我跟你说话了吗,我忘记了我是不是跟你说话了,1
你不靠谱啊,你是不可能靠谱的,1
四月份是什么星座,你是什么星座,0
钱你有没有我知道吗,钱我有没有你知道吗,0
手机电池真真是一点点电都没有了,我手机没电了,1
你会做什么呀,你的新功能是什么,0
你忙什么东西呢,你在忙什么,1
不小布打开支付宝,打开支付宝付款码,0
这不是我的名字,话说这不是我的名字,1
你叫什么我要给你吧,你叫我什么,0
王凯好丑啊,王凯好丑,1
你帮我找一些考试的作文,你能搜出考试的作文吗,1
反正我不打给谁呢,不知道我谁了吗,0
我真的一点也不想和你说话,我不想跟你聊天呀,1
小鬼王琳凯帅不帅,王琳凯帅不帅,1
调节打游戏时的流畅度,微信发送语音按地点很久进入正常发送,0
叫她姐姐,你姐姐叫什么,0
别停啊再聊聊,那就继续聊呗,1
刚才我没跟你说什么,跟你没得说了,0
我想被表白,我要向你表白,0
那你就直接说,有什么问题那你就直接说,1
给我讲两个笑话,再说一个冷笑话,0
我是哥哥,我要小哥哥,0
明天还有很多事情呢,有什么事情,0
谢谢你的鼓励,特别想谢谢你激励我,1
蛋糕怎么做,蛋炒饭怎么做,0
别不说话啊，发生什么了,你咋不说话呀,1
你找过我,你找过我的你忘啦,1
我不跟你说,我才不和你说呢,1
亮度亮度调低,调低亮度,1
你有没有喜欢的,那你有没有喜欢的人,1
是谁的手机啊你,你是谁的手机,1
又见面了,话说又见面了,1
股票是什么东西,什么是股票,1
我帅不帅啊,我是不是特别帅啊,1
有一个故事,给我讲个故事听吧,0
我没有喊你呀,我没喊你,1
K3如何调整字体大小,如何调字体大小,0
你的脑袋怎么就被驴给踢了,你脑子是不是被驴踢了,1
小智你还好不好,你好小智,0
你什么时候睡觉呀,你啥时候休息,1
为啥我不能更新系统,为什么我手机会主动更新,0
读短信息,发短信给小牛,0
你能说一句我喜欢你吗,你说一句我喜欢你可以吗,1
说句情话,请你说句情话吧,1
肖战的口号是什么,肖战的应援口号是什么,1
我的指纹解锁好像出问题了，,他无法完成。指纹解锁。,0
我不要解锁,我不愿解锁,1
没事的谢谢,哈哈谢谢啦,0
联系人白名单在哪里设置,联系人白名单如何设置,1
你快点的给我出来,你给我出来,1
你现在在家吗,你在我家吗,1
已经走了我不需要管你了,还需要我帮你什么的话就随时走不,0
算了吧我不跟你说话,算了不喊你了,0
renoace2,realmeQ2,0
太幼稚了,你太幼稚了,1
中午做什么了,番茄炒蛋怎么炒呢,0
你会困么?,你会睡觉的吗,0
什么动物会变性,啥动物会变性,1
明天喊我起床吧,明天早上七点半喊我起,0
恢复备份,恢复备份数据,1
你长什么样,你好不好看,1
我这边网络有问题,我的网不好呀,1
快叫我爸爸吧,快叫我们的舅舅吧,0
你不可能是我,我不是你,0
对就是我请你吃饭,对呀想请你吃饭,0
叫了你怎么没回应,刚刚叫你为什么不说话,1
我肯定是男的,我也是男的,1
你还有什么是我能帮你的吗,还需要我帮你什么的话,0
你爸爸妈妈是不是很爱你,妈妈爱爸爸,0
你觉得我睡吗,我打算睡觉你呢,0
我跟你生气了,你不知道我在跟你生气吗,1
我想听奇幻的科学类小说,你可以给我讲,0
哪一天是抗美援朝纪念日,现在距离2021年还有多少天,0
什么内容啊你的口号,你的口号是什么,1
谁说我家里没有人呀,我家里没有人,0
谁能陪我喝酒,你可以陪我喝酒吗,0
你骗我从来都没爱过我,你一直说你爱我都是骗我的,1
我怎么流鼻血了,我流鼻血了,1
你太好看了,你怎么这么好看,1
我优点好少,你优点好少,0
请问你个问题,可不可以回答我个问题,1
他这个人说普通话不标准,我们不说普通话了好吗,0
改WiFi密码,WiFi改密码,1
怎么停好车,我的车停在哪里,0
换个名字呗,你可以换个名字吗,0
真无聊啊,简直是无聊,1
你真的无所不能吗,你无所不能是假的吗,1
我独身了,我一个人了,1
小欧谁是世界上最漂亮的女人,世界上最美的女人是我吗,0
A51外观尺寸,a72外观尺寸,0
你在哪里我找不到,在何处我找不到你,1
小布我想拍照,我想拍照,1
你智不智能,我也不知道你智不智能了,1
帮我在QQ,你给我打开QQ,0
你不能叫我爸爸吗,你为什么不能叫我爸爸,1
嗯给我唱首歌,我爱听你唱歌,0
新闻简报,播放国际新闻,0
嗯今天非常开心,嗯今天很开心,1
A92s屏幕材质,a92s的屏幕,0
手机的sd卡怎么拿出来,怎样取出手机sim卡,0
美女在哪呢,哪里有美女呢,1
你喜欢小狗吗,你喜欢哪些狗啊,0
上知天文下知地理你是吗,你上知天文下知地理吗,1
你想过的人是我吗,你有没有想过我,1
你有什么事情吗,你想干啥,1
你记住我叫什么了吗,我叫什么名字你记住了吗,1
你怎么神奇啦,神奇宝贝的亲,0
我感觉不好是为什么,我感觉不好,1
你知道什么叫美女吗,我可以告诉我你究竟叫什么吗,0
我要去唱歌,我正要去蹦迪,0
你欠挨打,你是不是嫌我烦了,0
今天适合外出吗,黑龙江天气预报,0
你能知道我很想你吗,那我想你,1
你可真可爱,你真的很可爱,1
可以陪我说话吗,可以陪我吗,1
我好伤心怎么办,我好难过怎么办,1
你还能唱的再难听一点吗,你唱的太难听了,1
你脾气大不大,你火气大不大,1
我比不上你好看,你比我更好看,1
我要把你关掉,我现在给你关机了,1
还要戴眼镜吗你,你还要戴眼镜吗,1
没希望了,希望是一点也没了,1
你是不是会计算,你会计算吗,1
哦你长什么样,你的模样我不清楚,1
不要给我装糊涂,不要给我装傻,1
你是不是笨,你智商有问题吗,1
相信你个鬼,你难以被相信,1
有多想我呀,那你有多想我呀,1
那就先不说了,那我就不说了,1
我到底在干嘛你猜一下,那你猜我在干嘛,1
你很了不起吗,你很牛逼吗,1
别气我了,别再惹怒我了,1
看不清,看不清看不清,1
咋不说话了,怎么停下不说话了,1
出一个脑筋急转弯,讲一个脑袋急转弯,1
背一下圆周率,圆周率你记得没有,1
为什么这么聪明,怎么这么聪明啊,1
你会不会说唱,你会不能说唱,1
你把我的名字记错了,我的名字被你记错了,1
我何时能发家致富啊,我什么时候会发财,1
我不太高兴,今天心情不太好,1
讲个四川话听听,能不能讲句四川话听听,1
感谢你小欧,谢谢你小鸥,1
设置一下,可以设置一下,1
那我就惩罚你,那我的确要惩罚你了,1
今天好无聊啊,今天好闲啊,1
关掉你要怎么做,如何把你关掉,1
我可以给你改个名字吗,我想帮你改一个名字,1
你说一句日语,给我讲一句日语,1
啥也没说,什么没说也,1
北京南站怎么说,北京南站咋说,1
讲鬼故事,鬼故事讲鬼故事,1
我特别讨厌你,我真的很烦你,1
我的手机应该充电了,我的手机快没电了,1
你能让我得到你吗,我想得到你,1
你有兄弟姐妹吗,你有同胞吗,1
我能干嘛,话说我能干嘛呀,1
我和你谁可爱,我可爱还是你可爱,1
跟女朋友吵架了,我女朋友跟我吵架了,1
我知道我知道,那我知道,1
跟我说晚安我要睡觉了,我要听到你的晚安入睡,1
你会聊什么天,陪我聊天行不行,1
你是找不到我了吗,你猜不出来我的地方吗,1
你就不想跟我交个朋友吗,交个朋友呗,1
我是单身狗,我是单身狗你知道吗,1
没说什么啊我也,我没说什么,1
话说在不在啊,在不在啊,1
来放个屁,请你放个屁吧,1
做你的情人,我就是你的情人,1
我不会相信你的,你不容易让人相信,1
你的创造人是谁,谁是你的创造人,1
为什么不回答我,刚刚叫你为什么不说话,1
那你去睡觉吧,你就去睡觉吧,1
我可以亲你吗,我可以吻你吗,1
我的oppo密码忘了,不记得OPPO密码了,1
你说我对你咋样,我对你好不好,1
好奇你为什么就这么丑了,为什么你那么丑,1
为啥这么卡啊你,你为什么这么卡,1
你目前是不是在工作,你在工作吗,1
私密保险箱如何查看,怎么打开私密保险箱？,1
哪里不明白,哪里你还有不明白的,1
你可以接听我的电话吗,我想call你,1
你的父母是谁,你的父母叫什么,1
你在撒谎吧,你对我说假话吧,1
你居然不理我,跟你说话居然不理我,1
就知道啥呀就知道吃,就知道吃,1
你有没有脑袋,你有脑袋吗,1
累了一天了休息吧,可以去睡觉了,1
那你有多喜欢我,你有多喜欢我呀,1
咱俩是好闺蜜吗,你是我的闺蜜吗,1
你不要帮我,你不需要帮我,1
我到底是哪里人,我是哪的人,1
说个笑话来听听,你讲个笑话吧,1
我把你卸载了,信不信我卸载你,1
那你好厉害啊,想不到你有这么厉害,1
W31连接,W31如何连接,1
你给我唱一首歌呗,那你给我唱首歌好吗,1
NFC是什么,什么是NFC,1
你现在知道了,现在知道了吗,1
不对这个,不是这个啊,1
我被人欺负了,有人欺负我,1
出一个谜语,给我说一个谜语,1
你就不能和我吵架吗,跟我吵架,1
你模样好不好看,你长得丑不丑,1
你的爸比是谁,谁是你的爸爸,1
我一定会找到你的小步,小步小步你在哪里我要找到你,1
你怎么一点都不谦虚呢,你可不就是不谦虚嘛,1
你喜欢我哪里啊,你说你喜欢我哪里啊,1
你是不是比我大呢,你比我大吗,1
谢谢你爱我是真的,谢谢你爱我,1
这么厉害吗,你有这么厉害吗,1
我换其它的名字称呼你好不好,我可以换个名字叫你吗,1
我觉得我不行,虽然我觉的我不行但是我也要试试,1
我和王一博结婚,我要嫁给王一博,1
王俊杰是我的名字,我叫王俊杰,1
祝你晚安,那好吧晚安,1
那你笑一个,那你给我笑一个吧,1
现在做啥呢,您在干嘛,1
你咋这么漂亮呢,你怎么会这么漂亮,1
我现在做什么,我现在正在做什么,1
你玩我呢吗,你在耍我吗,1
怎么样可以瘦小腿,知道怎么瘦小腿吗,1
小步小步你爱不爱我,小步小步你爱我是真的吗,1
你的火气是大还是小,你火气大不大,1
FindX手机的价格,findx总成价格,1
不跟你说话了再见,不理你了再见,1
我跟彭于晏长得像不像,彭于晏跟我长的像吗,1
我喜欢上的人她能看上我吗,我喜欢的人喜欢我吗,1
那还是你来找个话题吧,那你找个话题,1
做一下自我介绍吧,描述一下你自己,1
现在这样的,现在这样,1
帮我把个人热点打开,帮我打开个人热点,1
在不在这里,是不是在这里,1
你今晚应该有时间呢吧,今晚你有空吗,1
你好厉害,哦你好牛逼,1
我说我头疼,我感觉头有点疼,1
我想骂他,我想侮辱他,1
你记性可真好,你记性真好,1
你唱一个歌,你给我唱首歌听听呗,1
怎么聊下去呢,怎么继续聊天呢,1
你什么时候长大,你长大是在啥时候,1
那你等一下,你等我下,1
我叫你小宝贝可以吧,那我就叫你小宝贝吧,1
他们都没有,他们没有,1
还是没听懂,我真的没听懂啊,1
那你到底能听懂啥,那你能听懂啥,1
你怎么那么肯定,你为什么就这么确定,1
你真的睡着了吗刚才,你刚才睡着了吗,1
小步小步我是你爸爸,小步小步难道我不是你爸爸吗,1
你坏掉了对不对呢,你是不是坏掉了,1
pldd是什么意思,pldd到底是什么,1
请问我表妹叫什么名字,我表妹叫什么名字,1
为什么看不到你,怎么看不到你,1
我不想跟你玩啦,不想跟你玩,1
你说脏话,注意文明用语哦,1
那我真的要考你一下,那我考考你,1
以后我就是你大哥了,那你叫我大哥呀,1
你觉得我唱歌好听吗,好听吗我唱的歌,1
你说你知不知道我儿子的名字,我儿子叫什么名字啊,1
你又不能陪我睡觉,你做不到陪我睡觉,1
你很会说话呀,你说话真有水平,1
没意思是我和你聊天的感觉,和你聊天没有意思,1
你都会什么,都会什么啊你,1
我说你怎么能不爱我了呢,我说你还会不会爱我,1
你一定是女的,你是女的,1
我不想搭理你了,搭理你真是一种错误,1
肖战是哪里的,肖战是哪里的人,1
今天单身了,今天分手了,1
我来考考你,我来检验你,1
那你能干嘛,你有啥用,1
哦再试试吧,可以尝试一下,1
再给我来一句社会语录,再来一句社会路社会语录,1
你是不是假货,你是真货还是假货,1
你知道我的缺点是什么吗,你知不知道我缺点是些什么,1
你弟弟呢,跟我说下你弟弟在哪,1
Breeno功能介绍,Breeno功能,1
不知道我有几个问题想问你吗,我有几个问题想问你,1
你去面壁思过去吧,那你面壁思过去吧,1
收不到验证码,我收不到验证码,1
你多大内存,你能装多少东西啊,1
加油我挺你,加油我会支持你的,1
我想听成语故事，有没有,你好我想听成语故事,1
我该如何称呼你,哎你叫什么名字,1
你的特长是什么,你最拿手的是什么,1
OPPO手机怎样搬家,OPPO手机搬家怎么弄？,1
你有什么事,你有啥事,1
在忙什么,你为什么不能告诉我你在忙什么,1
我是不是要睡觉了,我是不是指定要睡觉了,1
我说的话你听不懂吗,你听不懂我说话吗,1
没有生气啊你有女朋友吗,没生气啊你有没有老婆,1
你知道你会说出什么吗,那你会说什么,1
你喜欢哪个季节,哪个是你喜欢的季节,1
你真能说,你挺能说的,1
什么使你这么丑,你长得好看不,1
OPPORenoZ,OPPORenoZ手机,1
HeyTap大会员,Heytap会员,1
讲首故事,给我讲故事小布,1
我不愿意再也不跟你玩儿了,我再也不跟你玩儿了,1
叫爸爸叫一声我听听,那你叫我一声爸爸,1
十亿韩元等于多少人民币,一百元人民币,0
我喜欢你那你喜欢我吗,你喜欢我不我也喜欢你,0
你晚上吃了什么,你晚上吃啥了,1
我想打开滴滴叫的士,你叫小欧吗,0
女孩子到底是不是你,你不是女孩子吗,1
他说他听得出来他话里有话,听得出来,0
你都会些什么呀,你还可以干嘛,1
语音助手在哪找,语音助手在哪,1
你能嘴甜一点吗,说点好听的,1
你会石头剪刀不吗,你会玩石头剪刀布吗,1
你觉得爱你好不好听,打开爱听4g,0
今天的重点,两会热点,0
不要忽悠我,你不能忽悠我啊,0
就聊一聊啊,那就聊呗,1
老子不喜欢你,我可不爱你,1
我好伤心,你不喜欢我呀,0
你可不可以想起来,想到了吗,1
"小影,你说话慢了",那你说慢一点,0
阿伟死了,阿伟死了是什么梗,0
终于出来了,终于出来了吗,1
滚边儿去,你滚一边去,0
我觉得还要加油,那就继续加油吧,1
我不需要你,我不需要你啦,1
夸夸我呗,你可以夸夸我呗,1
你的对象是谁,处对象不妞,0
没有蓝牙,为什么电视有广告,0
氛围帅哥的出处,氛围帅哥,0
搞这个事嘛,就这个事,0
诸组词,逐渐的近义词,0
帮我播放百科故事,播放百科故事,1
王一博的原名是什么,王一博的原名叫什么,1
Colours11,coloros7,0
小布王一博和朱一龙哪个好看,这个王一博你喜欢吗,0
这样说的话好玩,这样行吗我说一句话,0
你的火气大吗,你火气大不大,1
读未读信息,听到这个消息,0
你吃的什么,吃的什么,1
你为什么不知道我呀,是什么渠道让你知道我的,0
你的唯一是我吗,我是你的唯一吗,1
你用qq吗,用QQ发一条信息,0
一人民币等于多少卢布,人民币和日元的汇率,0
我就要骂你,我要骂你,1
那不算什么,别这么夸张好吗,0
我的网络不行,打个游戏卡死了,0
r15梦镜版充电提示异常,欧跑ace二的充电显示在哪里看,0
写一篇作文,怎么写作文,0
保修卡包括修屏幕吗,屏幕碎了保修吗,1
你没有优秀的地方,你一点也不优秀,1
咱们必须要一起加油,咱们一起加油,1
心情很不好的,心情不好睡不着觉,0
这确实不好笑,这一点都不好笑,1
不见了那你的手机呢快看看,不见了那他的妹妹的手机呢快看看,0
我这天太冷喽,我觉得很冷,0
你不实在,你不靠谱啊,1
我什么时候会死,我什么时候可以到家,0
今年天气怎样,今年天气怎么这么热？,0
你可以学声狗叫给我听吗,你给我学声狗叫,1
你听过绝地求生吗,绝地求生,0
我太恶心了,我还是太恶心了,1
我用什么方法能唤醒你,我怎么能唤醒你,1
你的普通话不标准,你的普通话好不标准,1
你说一种找你的方法,我怎么找你啊,0
操作系统更新电量消耗快速,系统更新后电量消耗过快,1
在我心里永远有个你,你永远活在他心里,0
刺激战场好玩吗,你玩过刺激战场吗,0
为什么要回到主页,请帮我返回主页,0
不让妈妈催我相亲,不让妈妈催我生娃,0
你可以的我相信你,我相信你的干,0
你耳朵聋了吗,你是不是耳朵不好,0
你有脑袋吗你,你有脑袋吗,1
电量充电缓慢,充电打游戏，充电慢,0
咱们必须要一起加油,咱们一起加油,1
我们昨天,我前天昨天,0
要怎么说都行,说啥都行,1
傻人真的有傻福吗,一个人是不是傻,0
oppowatch连接范围,watch连接,0
你还太小,你实在是太年轻了,1
提高你的声音,你的声音好小,0
你以后要叫我什么,以后怎么称呼我呢你,1
我想看小布的照片,嘿小布打开我的相册,0
A7手机是否支持otg功能,A5手机是否支持OTG,0
你这是怎么了,你怎么变成这样了,0
能不能换句话,能否换句话,1
别说话了你,我不想听你说话了,1
我想说脏话,我要不要现在说脏话,0
欢迎你来,欢太欢迎你,0
你男的女生,你男生女生,1
自己的事情自己解决,自己的事情自己做,1
poopa73,oppoA37t,0
一加是国企还是私企,私企包括一加吗,0
我要走了你会想我吗,如果我走了你会想我吗,1
什么机型有充电提示音,开机充电有什么提示,0
R9Plus的屏幕介绍,r9splus屏幕价格,0
你妈妈的容貌是什么样的,你说你妈妈长得是什么样子,1
ace2支持反向无线充电么,ACE支持无线闪充么,0
我怎么可能想跟你分开,我不想和你分开,1
你怎么这么慢呀,你慢的可以啊,1
我们昨天,我前天昨天,0
爱豆糊了是什么意思,糊是什么意思,0
一天天的就知道吃,就知道吃,1
我咋关机啊,话说我咋关机啊,1
你走吧我不会想你了,我不想你了,1
你的爸爸是谁,你爹地是谁,1
我够格做你的男人吗,我当你男朋友好不好,1
你敢要拒却我吗,你敢拒绝我吗,1
话说我是不是要睡觉了,我是不是要睡觉了,1
刺激战场好玩吗,你玩过刺激战场吗,0
你一定不知道我喜欢吃什么,我喜欢吃什么,0
她们老婆很歉疚请原谅,我很歉疚请原谅,0
更新固件提示失败,固件升级失败,1
你是什么狗东西,你是不是有病呀,0
你生气了吗,你生没生气啊,1
你知道怎么聊天吗,他们聊天吧,0
我要向你学习,我觉得我应该向你学习,1
其实我老婆有暴力行为,其实我有暴力行为,0
r11s手机的cpu,oppor11s接口,0
帮我把手电筒关闭了,你好帮我打开手电筒,0
Colours11,coloros7,0
二十除以六,八加八,0
我手机是不是国产手机,国产手机哪个好,0
5G开关在哪里,OTG开关在哪里,0
播放过一个,播放一下呀,0
我这个手机是OPPO几,我这个手OPPO手机是几。,1
本机可以防永吗,我手机可以开通eid,0
你咋不听话呢,咋不听话,1
用夸人语录夸我长得好看,小布夸夸三小只,0
他是不是不爱我了,是不是不爱我了,0
夸我一句,麻烦你夸我一下,1
程序通知在锁屏界面上，怎么弄呢,如何清除锁屏里面的广告？,0
今天双色球开奖号码,今晚双色球开奖结果,1
你有收音机吗,你有收音机的吧,1
手机无法下载软件,手机不能下载软件,1
还真的要生气了,我很生气,0
怎么知道手机用了多长时间,怎么查询手机使用多长时间,1
我换手机了,我要换个手机,0
你有多大了,你有那么多的,0
那我就说慢一点,我就说快一点,0
我已经生气了,我非常生气,0
你能唱首歌给我,你给我唱首歌吧,1
母亲节是几月几日,你的生日是几月几日,0
我觉得你是帅哥一枚,你是帅哥,1
这都不知道,十二还不知道吗,0
要说黑不是黑黑,眼前的黑不是黑,0
没人跟我聊天,一直没人跟我聊天,1
想要这个,我想要这个,1
人山人海的意思是什么,翻来覆去什么意思,0
好的你去忙吧,那你去忙吧,1
请问我没钱了咋整,你知道吗没钱了咋整吗,1
游戏里的土味情话,你有哪些土味情话,0
送你回去,立刻回去吧,0
守株待兔的出处,不可名状的意思,0
我也无所谓,不管对错我也无所谓了,1
你就是说我说我想找什么就,我就是说你说你想找什么就,0
男演员用英语怎么说,蔬菜的英语怎么说,0
我以为你们还记着呢,你们都忘了,1
你在哪工作,请你告诉我你在哪工作,1
我在床上的时候等你,我在床上等你,1
哪里能看匆匆那年电影？,匆匆那年电影,0
今天你穿什么了,你现在穿什么,0
叫爸爸叫一声我听听,那你叫我一声爸爸,1
十亿韩元等于多少人民币,一百元人民币,0
我喜欢你那你喜欢我吗,你喜欢我不我也喜欢你,0
你晚上吃了什么,你晚上吃啥了,1
我想打开滴滴叫的士,你叫小欧吗,0
女孩子到底是不是你,你不是女孩子吗,1
他说他听得出来他话里有话,听得出来,0
你都会些什么呀,你还可以干嘛,1
语音助手在哪找,语音助手在哪,1
你能嘴甜一点吗,说点好听的,1
你会石头剪刀不吗,你会玩石头剪刀布吗,1
你觉得爱你好不好听,打开爱听4g,0
今天的重点,两会热点,0
不要忽悠我,你不能忽悠我啊,0
就聊一聊啊,那就聊呗,1
老子不喜欢你,我可不爱你,1
我好伤心,你不喜欢我呀,0
你可不可以想起来,想到了吗,1
"小影,你说话慢了",那你说慢一点,0
阿伟死了,阿伟死了是什么梗,0
终于出来了,终于出来了吗,1
滚边儿去,你滚一边去,0
我觉得还要加油,那就继续加油吧,1
我不需要你,我不需要你啦,1
夸夸我呗,你可以夸夸我呗,1
你的对象是谁,处对象不妞,0
没有蓝牙,为什么电视有广告,0
氛围帅哥的出处,氛围帅哥,0
搞这个事嘛,就这个事,0
诸组词,逐渐的近义词,0
帮我播放百科故事,播放百科故事,1
王一博的原名是什么,王一博的原名叫什么,1
Colours11,coloros7,0
小布王一博和朱一龙哪个好看,这个王一博你喜欢吗,0
这样说的话好玩,这样行吗我说一句话,0
你的火气大吗,你火气大不大,1
读未读信息,听到这个消息,0
你吃的什么,吃的什么,1
你为什么不知道我呀,是什么渠道让你知道我的,0
你的唯一是我吗,我是你的唯一吗,1
你用qq吗,用QQ发一条信息,0
一人民币等于多少卢布,人民币和日元的汇率,0
我就要骂你,我要骂你,1
那不算什么,别这么夸张好吗,0
我的网络不行,打个游戏卡死了,0
r15梦镜版充电提示异常,欧跑ace二的充电显示在哪里看,0
写一篇作文,怎么写作文,0
保修卡包括修屏幕吗,屏幕碎了保修吗,1
你没有优秀的地方,你一点也不优秀,1
咱们必须要一起加油,咱们一起加油,1
心情很不好的,心情不好睡不着觉,0
这确实不好笑,这一点都不好笑,1
不见了那你的手机呢快看看,不见了那他的妹妹的手机呢快看看,0
我这天太冷喽,我觉得很冷,0
你不实在,你不靠谱啊,1
我什么时候会死,我什么时候可以到家,0
今年天气怎样,今年天气怎么这么热？,0
你可以学声狗叫给我听吗,你给我学声狗叫,1
你听过绝地求生吗,绝地求生,0
我太恶心了,我还是太恶心了,1
我用什么方法能唤醒你,我怎么能唤醒你,1
你的普通话不标准,你的普通话好不标准,1
你说一种找你的方法,我怎么找你啊,0
操作系统更新电量消耗快速,系统更新后电量消耗过快,1
在我心里永远有个你,你永远活在他心里,0
刺激战场好玩吗,你玩过刺激战场吗,0
为什么要回到主页,请帮我返回主页,0
不让妈妈催我相亲,不让妈妈催我生娃,0
你可以的我相信你,我相信你的干,0
你耳朵聋了吗,你是不是耳朵不好,0
你有脑袋吗你,你有脑袋吗,1
电量充电缓慢,充电打游戏，充电慢,0
咱们必须要一起加油,咱们一起加油,1
我们昨天,我前天昨天,0
要怎么说都行,说啥都行,1
傻人真的有傻福吗,一个人是不是傻,0
oppowatch连接范围,watch连接,0
你还太小,你实在是太年轻了,1
提高你的声音,你的声音好小,0
你以后要叫我什么,以后怎么称呼我呢你,1
我想看小布的照片,嘿小布打开我的相册,0
A7手机是否支持otg功能,A5手机是否支持OTG,0
你这是怎么了,你怎么变成这样了,0
能不能换句话,能否换句话,1
别说话了你,我不想听你说话了,1
我想说脏话,我要不要现在说脏话,0
欢迎你来,欢太欢迎你,0
你男的女生,你男生女生,1
自己的事情自己解决,自己的事情自己做,1
poopa73,oppoA37t,0
一加是国企还是私企,私企包括一加吗,0
我要走了你会想我吗,如果我走了你会想我吗,1
什么机型有充电提示音,开机充电有什么提示,0
R9Plus的屏幕介绍,r9splus屏幕价格,0
你妈妈的容貌是什么样的,你说你妈妈长得是什么样子,1
ace2支持反向无线充电么,ACE支持无线闪充么,0
我怎么可能想跟你分开,我不想和你分开,1
你怎么这么慢呀,你慢的可以啊,1
我们昨天,我前天昨天,0
爱豆糊了是什么意思,糊是什么意思,0
一天天的就知道吃,就知道吃,1
我咋关机啊,话说我咋关机啊,1
你走吧我不会想你了,我不想你了,1
你的爸爸是谁,你爹地是谁,1
我够格做你的男人吗,我当你男朋友好不好,1
你敢要拒却我吗,你敢拒绝我吗,1
话说我是不是要睡觉了,我是不是要睡觉了,1
刺激战场好玩吗,你玩过刺激战场吗,0
你一定不知道我喜欢吃什么,我喜欢吃什么,0
她们老婆很歉疚请原谅,我很歉疚请原谅,0
更新固件提示失败,固件升级失败,1
你是什么狗东西,你是不是有病呀,0
你生气了吗,你生没生气啊,1
你知道怎么聊天吗,他们聊天吧,0
我要向你学习,我觉得我应该向你学习,1
其实我老婆有暴力行为,其实我有暴力行为,0
r11s手机的cpu,oppor11s接口,0
帮我把手电筒关闭了,你好帮我打开手电筒,0
Colours11,coloros7,0
二十除以六,八加八,0
我手机是不是国产手机,国产手机哪个好,0
5G开关在哪里,OTG开关在哪里,0
播放过一个,播放一下呀,0
我这个手机是OPPO几,我这个手OPPO手机是几。,1
本机可以防永吗,我手机可以开通eid,0
你咋不听话呢,咋不听话,1
用夸人语录夸我长得好看,小布夸夸三小只,0
他是不是不爱我了,是不是不爱我了,0
夸我一句,麻烦你夸我一下,1
程序通知在锁屏界面上，怎么弄呢,如何清除锁屏里面的广告？,0
今天双色球开奖号码,今晚双色球开奖结果,1
你有收音机吗,你有收音机的吧,1
手机无法下载软件,手机不能下载软件,1
还真的要生气了,我很生气,0
怎么知道手机用了多长时间,怎么查询手机使用多长时间,1
我换手机了,我要换个手机,0
你有多大了,你有那么多的,0
那我就说慢一点,我就说快一点,0
我已经生气了,我非常生气,0
你能唱首歌给我,你给我唱首歌吧,1
母亲节是几月几日,你的生日是几月几日,0
我觉得你是帅哥一枚,你是帅哥,1
这都不知道,十二还不知道吗,0
要说黑不是黑黑,眼前的黑不是黑,0
没人跟我聊天,一直没人跟我聊天,1
想要这个,我想要这个,1
人山人海的意思是什么,翻来覆去什么意思,0
好的你去忙吧,那你去忙吧,1
请问我没钱了咋整,你知道吗没钱了咋整吗,1
游戏里的土味情话,你有哪些土味情话,0
送你回去,立刻回去吧,0
守株待兔的出处,不可名状的意思,0
我也无所谓,不管对错我也无所谓了,1
你就是说我说我想找什么就,我就是说你说你想找什么就,0
男演员用英语怎么说,蔬菜的英语怎么说,0
我以为你们还记着呢,你们都忘了,1
你在哪工作,请你告诉我你在哪工作,1
我在床上的时候等你,我在床上等你,1
哪里能看匆匆那年电影？,匆匆那年电影,0
今天你穿什么了,你现在穿什么,0
